label,type,Experiment,ItemId,Question,Condition,Correct_Answer,Question_type,group,sentence,Phrase1,Phrase2,Phrase3,Phrase4,Phrase5,Phrase6,Phrase7,Phrase8,Phrase9,Phrase10,Phrase11,Phrase12,Phrase13,Phrase14,alternative
rc_a_1,rc,RCs_SPR_ET,1,那个顾客听说过老板吗?,a,1,1,list1,那个 昨晚 揍了 服务生 一顿 的 顾客 听说过 老板 并且 记得 他。,那个,昨晚,揍了,服务生,一顿,的,顾客,听说过,老板,并且,记得,他。,,,X-X-X 毁灭 眉毛 交响曲 憧憬 种 繁荣 葡萄牙 塑料 矛盾 辐射 种。
rc_b_1,rc,RCs_SPR_ET,1,那个顾客听说过老板吗？,b,1,1,list2,那个 昨晚 服务生 揍了 一顿 的 顾客 听说过 老板 并且 记得 他。,那个,昨晚,服务生,揍了,一顿,的,顾客,听说过,老板,并且,记得,他。,,,X-X-X 毁灭 眉毛 交响曲 憧憬 种 繁荣 葡萄牙 塑料 矛盾 辐射 种。
rc_c_1,rc,RCs_SPR_ET,1,那个顾客听说过老板吗？,c,2,1,list3,老板 听说过 那个 昨晚 揍了 服务生 一顿 的 顾客 并且 通知了 记者。,老板,听说过,那个,昨晚,揍了,服务生,一顿,的,顾客,并且,通知了,记者。,,,X-X-X 芭蕾舞 矛盾 毁灭 摹仿 纯收入 荒芜 种 繁荣 阶段 叶倩倩 溶液。
rc_d_1,rc,RCs_SPR_ET,1,那个顾客听说过老板吗？,d,2,1,list4,老板 听说过 那个 昨晚 服务生 揍了 一顿 的 顾客 并且 通知了 记者。,老板,听说过,那个,昨晚,服务生,揍了,一顿,的,顾客,并且,通知了,记者。,,,X-X-X 芭蕾舞 矛盾 毁灭 摹仿 纯收入 荒芜 种 繁荣 阶段 叶倩倩 溶液。
rc_a_2,rc,RCs_SPR_ET,2,摩托车追了那辆轿车吗？,a,2,2,list1,那辆 下午 追了 摩托车 很久 的 轿车 发现了 记者 所以 停了 下来。,那辆,下午,追了,摩托车,很久,的,轿车,发现了,记者,所以,停了,下来。,,,X-X-X 欣赏 衷心 笑嘻嘻 滋味 种 弊病 卵细胞 缺乏 研究 白蚁 环境。
rc_b_2,rc,RCs_SPR_ET,2,摩托车追了那辆轿车吗？,b,1,2,list2,那辆 下午 摩托车 追了 很久 的 轿车 发现了 记者 所以 停了 下来。,那辆,下午,摩托车,追了,很久,的,轿车,发现了,记者,所以,停了,下来。,,,X-X-X 欣赏 衷心 笑嘻嘻 滋味 种 弊病 卵细胞 缺乏 研究 白蚁 环境。
rc_c_2,rc,RCs_SPR_ET,2,摩托车追了那辆轿车吗？,c,2,2,list3,记者 发现了 那辆 下午 追了 摩托车 很久 的 轿车 所以 停了 下来。,记者,发现了,那辆,下午,追了,摩托车,很久,的,轿车,所以,停了,下来。,,,X-X-X 顽固派 雌蕊 欣赏 幼虫 笑嘻嘻 滋味 种 弊病 研究 插秧 具体。
rc_d_2,rc,RCs_SPR_ET,2,摩托车追了那辆轿车吗？,d,1,2,list4,记者 发现了 那辆 下午 摩托车 追了 很久 的 轿车 所以 停了 下来。,记者,发现了,那辆,下午,摩托车,追了,很久,的,轿车,所以,停了,下来。,,,X-X-X 顽固派 雌蕊 欣赏 幼虫 笑嘻嘻 滋味 种 弊病 研究 插秧 具体。
rc_a_3,rc,RCs_SPR_ET,3,女孩打了男孩吗？,a,1,3,list1,那个 今天 打了 男孩 几次 的 女孩 看到了 校长 所以 假装 在读书。,那个,今天,打了,男孩,几次,的,女孩,看到了,校长,所以,假装,在读书。,,,X-X-X 基础 八旗 盼望 征税 种 贮藏 氯酸钾 仅仅 研究 淤泥 蒸汽机。
rc_b_3,rc,RCs_SPR_ET,3,女孩打了男孩吗？,b,2,3,list2,那个 今天 男孩 打了 几次 的 女孩 看到了 校长 所以 假装 在读书。,那个,今天,男孩,打了,几次,的,女孩,看到了,校长,所以,假装,在读书。,,,X-X-X 基础 八旗 盼望 征税 种 贮藏 氯酸钾 仅仅 研究 淤泥 蒸汽机。
rc_c_3,rc,RCs_SPR_ET,3,女孩打了男孩吗？,c,1,3,list3,校长 看到了 那个 今天 打了 男孩 几次 的 女孩 所以 上前 询问。,校长,看到了,那个,今天,打了,男孩,几次,的,女孩,所以,上前,询问。,,,X-X-X 匈牙利 矛盾 基础 篇幅 盼望 浪漫 种 贮藏 研究 纲领 杭州。
rc_d_3,rc,RCs_SPR_ET,3,女孩打了男孩吗？,d,2,3,list4,校长 看到了 那个 今天 男孩 打了 几次 的 女孩 所以 上前 询问。,校长,看到了,那个,今天,男孩,打了,几次,的,女孩,所以,上前,询问。,,,X-X-X 匈牙利 矛盾 基础 篇幅 盼望 浪漫 种 贮藏 研究 纲领 杭州。
rc_a_4,rc,RCs_SPR_ET,4,警察拦住了吉普车吗？,a,2,4,list1,那辆 当时 撞了 自行车 两次 的 吉普车 拦住了 警察 并且 要求 调查清楚。,那辆,当时,撞了,自行车,两次,的,吉普车,拦住了,警察,并且,要求,调查清楚。,,,X-X-X 解决 脊柱 奴隶主 嘀咕 种 怎么说 卵细胞 干燥 实践 教育 艰苦奋斗。
rc_b_4,rc,RCs_SPR_ET,4,警察拦住了吉普车吗？,b,2,4,list2,那辆 当时 自行车 撞了 两次 的 吉普车 拦住了 警察 并且 要求 调查清楚。,那辆,当时,自行车,撞了,两次,的,吉普车,拦住了,警察,并且,要求,调查清楚。,,,X-X-X 解决 脊柱 奴隶主 嘀咕 种 怎么说 卵细胞 干燥 实践 教育 艰苦奋斗。
rc_c_4,rc,RCs_SPR_ET,4,警察拦住了吉普车吗？,c,1,4,list3,警察 拦住了 那辆 当时 撞了 自行车 两次 的 吉普车 并且 要求 调查清楚。,警察,拦住了,那辆,当时,撞了,自行车,两次,的,吉普车,并且,要求,调查清楚。,,,X-X-X 季节性 烹调 解决 啊呀 奴隶主 烦恼 种 细胞质 矛盾 影响 氢氧化钠。
rc_d_4,rc,RCs_SPR_ET,4,警察拦住了吉普车吗？,d,1,4,list4,警察 拦住了 那辆 当时 自行车 撞了 两次 的 吉普车 并且 要求 调查清楚。,警察,拦住了,那辆,当时,自行车,撞了,两次,的,吉普车,并且,要求,调查清楚。,,,X-X-X 季节性 烹调 解决 啊呀 奴隶主 烦恼 种 细胞质 矛盾 影响 氢氧化钠。
rc_a_5,rc,RCs_SPR_ET,5,妇人抢了店员吗？,a,1,1,list2,那个 刚才 推了 男孩 一下 的 妇人 抢了 店员 并且 打伤了 她。,那个,刚才,推了,男孩,一下,的,妇人,抢了,店员,并且,打伤了,她。,,,X-X-X 溶液 玳瑁 讽刺 基础 种 免疫 蘑菇 唠叨 获得 氯酸钾 种。
rc_b_5,rc,RCs_SPR_ET,5,妇人抢了店员吗？,b,1,1,list3,那个 刚才 男孩 推了 一下 的 妇人 抢了 店员 并且 打伤了 她。,那个,刚才,男孩,推了,一下,的,妇人,抢了,店员,并且,打伤了,她。,,,X-X-X 溶液 玳瑁 讽刺 基础 种 免疫 蘑菇 唠叨 获得 氯酸钾 种。
rc_c_5,rc,RCs_SPR_ET,5,妇人抢了店员吗？,c,2,1,list4,店员 抢了 那个 刚才 推了 男孩 一下 的 妇人 并且 打伤了 她。,店员,抢了,那个,刚才,推了,男孩,一下,的,妇人,并且,打伤了,她。,,,X-X-X 佛经 矛盾 溶液 猖獗 淡淡 基础 种 免疫 获得 碳酸钙 能。
rc_d_5,rc,RCs_SPR_ET,5,妇人抢了店员吗？,d,2,1,list1,店员 抢了 那个 刚才 男孩 推了 一下 的 妇人 并且 打伤了 她。,店员,抢了,那个,刚才,男孩,推了,一下,的,妇人,并且,打伤了,她。,,,X-X-X 佛经 矛盾 溶液 猖獗 淡淡 基础 种 免疫 获得 碳酸钙 能。
rc_a_6,rc,RCs_SPR_ET,6,男孩邀请了女孩吗？,a,2,2,list2,那个 上个月 邀请了 男孩 几次 的 女孩 认识 王老师 因为 上过 她的课。,那个,上个月,邀请了,男孩,几次,的,女孩,认识,王老师,因为,上过,她的课。,,,X-X-X 蒸馏水 吴佩孚 毁灭 宗旨 种 贮藏 革命 氧化铜 研究 蘑菇 愈来愈。
rc_b_6,rc,RCs_SPR_ET,6,男孩邀请了女孩吗？,b,1,2,list3,那个 上个月 男孩 邀请了 几次 的 女孩 认识 王老师 因为 上过 她的课。,那个,上个月,男孩,邀请了,几次,的,女孩,认识,王老师,因为,上过,她的课。,,,X-X-X 蒸馏水 吴佩孚 毁灭 宗旨 种 贮藏 革命 氧化铜 研究 蘑菇 愈来愈。
rc_c_6,rc,RCs_SPR_ET,6,男孩邀请了女孩吗？,c,2,2,list4,王老师 认识 那个 上个月 邀请了 男孩 几次 的 女孩 因为 教过 她的课。,王老师,认识,那个,上个月,邀请了,男孩,几次,的,女孩,因为,教过,她的课。,,,X-X-X 物质 矛盾 林则徐 畜牧业 毁灭 腐烂 种 贮藏 研究 疙瘩 氨基酸。
rc_d_6,rc,RCs_SPR_ET,6,男孩邀请了女孩吗？,d,1,2,list1,王老师 认识 那个 上个月 男孩 邀请了 几次 的 女孩 因为 教过 她的课。,王老师,认识,那个,上个月,男孩,邀请了,几次,的,女孩,因为,教过,她的课。,,,X-X-X 物质 矛盾 林则徐 畜牧业 毁灭 腐烂 种 贮藏 研究 疙瘩 氨基酸。
rc_a_7,rc,RCs_SPR_ET,7,那条狗救了主人吗？,a,1,3,list2,那条 去年 救了 主人 好几次 的 狗 喜欢 小男孩 所以 很 兴奋。,那条,去年,救了,主人,好几次,的,狗,喜欢,小男孩,所以,很,兴奋。,,,X-X-X 检查 势必 压迫 纯收入 着 亩 广泛 碳酸钠 研究 两 途径。
rc_b_7,rc,RCs_SPR_ET,7,那条狗救了主人吗？,b,2,3,list3,那条 去年 主人 救了 好几次 的 狗 喜欢 小男孩 所以 很 兴奋。,那条,去年,主人,救了,好几次,的,狗,喜欢,小男孩,所以,很,兴奋。,,,X-X-X 检查 势必 压迫 纯收入 着 亩 广泛 碳酸钠 研究 两 途径。
rc_c_7,rc,RCs_SPR_ET,7,那条狗救了主人吗？,c,1,3,list4,小男孩 喜欢 那条 去年 救了 主人 好几次 的 狗 所以 很 兴奋。,小男孩,喜欢,那条,去年,救了,主人,好几次,的,狗,所以,很,兴奋。,,,X-X-X 妇女 艰辛 检查 杨柳 压迫 愈来愈 着 亩 研究 呢 途径。
rc_d_7,rc,RCs_SPR_ET,7,那条狗救了主人吗？,d,2,3,list1,小男孩 喜欢 那条 去年 主人 救了 好几次 的 狗 所以 很 兴奋。,小男孩,喜欢,那条,去年,主人,救了,好几次,的,狗,所以,很,兴奋。,,,X-X-X 妇女 艰辛 检查 杨柳 压迫 愈来愈 着 亩 研究 呢 途径。
rc_a_8,rc,RCs_SPR_ET,8,裁判骂了那个业余选手吗？,a,2,4,list2,那个 刚才 推了 职业选手 一下 的 业余选手 骂了 裁判 而且 威胁了 他。,那个,刚才,推了,职业选手,一下,的,业余选手,骂了,裁判,而且,威胁了,他。,,,X-X-X 溶液 茂密 通货膨胀 民族 种 剥削阶级 诗句 哺乳 必须 畜牧业 种。
rc_b_8,rc,RCs_SPR_ET,8,裁判骂了那个业余选手吗？,b,2,4,list3,那个 刚才 职业选手 推了 一下 的 业余选手 骂了 裁判 而且 威胁了 他。,那个,刚才,职业选手,推了,一下,的,业余选手,骂了,裁判,而且,威胁了,他。,,,X-X-X 溶液 茂密 通货膨胀 民族 种 剥削阶级 诗句 哺乳 必须 畜牧业 种。
rc_c_8,rc,RCs_SPR_ET,8,裁判骂了那个业余选手吗？,c,1,4,list4,裁判 骂了 那个 刚才 推了 职业选手 一下 的 业余选手 而且 警告了 他。,裁判,骂了,那个,刚才,推了,职业选手,一下,的,业余选手,而且,警告了,他。,,,X-X-X 庄稼 矛盾 溶液 嫂子 私有财产 民族 种 急急忙忙 必须 卵细胞 种。
rc_d_8,rc,RCs_SPR_ET,8,裁判骂了那个业余选手吗？,d,1,4,list1,裁判 骂了 那个 刚才 职业选手 推了 一下 的 业余选手 而且 警告了 他。,裁判,骂了,那个,刚才,职业选手,推了,一下,的,业余选手,而且,警告了,他。,,,X-X-X 庄稼 矛盾 溶液 嫂子 私有财产 民族 种 急急忙忙 必须 卵细胞 种。
rc_a_9,rc,RCs_SPR_ET,9,这个侦探讨厌当地人吗？,a,1,1,list3,这个 上个月 监视了 杀手 一段时间 的 侦探 讨厌 当地人 所以 没有 寻求帮助。,这个,上个月,监视了,杀手,一段时间,的,侦探,讨厌,当地人,所以,没有,寻求帮助。,,,X-X-X 卵细胞 卵细胞 毫无 自负盈亏 种 槐树 船舶 林巧稚 科学 研究 氢氧化钠。
rc_b_9,rc,RCs_SPR_ET,9,这个侦探讨厌当地人吗？,b,1,1,list4,这个 上个月 杀手 监视了 一段时间 的 侦探 讨厌 当地人 所以 没有 寻求帮助。,这个,上个月,杀手,监视了,一段时间,的,侦探,讨厌,当地人,所以,没有,寻求帮助。,,,X-X-X 卵细胞 卵细胞 毫无 自负盈亏 种 槐树 船舶 林巧稚 科学 研究 氢氧化钠。
rc_c_9,rc,RCs_SPR_ET,9,这个侦探讨厌当地人吗？,c,2,1,list1,当地人 讨厌 这个 上个月 监视了 杀手 一段时间 的 侦探 所以 没有 提供帮助。,当地人,讨厌,这个,上个月,监视了,杀手,一段时间,的,侦探,所以,没有,提供帮助。,,,X-X-X 葡萄 生产 赤裸裸 乒乓球 核桃 干干净净 种 槐树 必须 研究 环境污染。
rc_d_9,rc,RCs_SPR_ET,9,这个侦探讨厌当地人吗？,d,2,1,list2,当地人 讨厌 这个 上个月 杀手 监视了 一段时间 的 侦探 所以 没有 提供帮助。,当地人,讨厌,这个,上个月,杀手,监视了,一段时间,的,侦探,所以,没有,提供帮助。,,,X-X-X 葡萄 生产 赤裸裸 乒乓球 核桃 干干净净 种 槐树 必须 研究 环境污染。
rc_a_10,rc,RCs_SPR_ET,10,房东多次抱怨了住户吗？,a,2,2,list3,那位 最近 抱怨了 房东 好多次 的 住户 找了 律师 而且 打算 起诉。,那位,最近,抱怨了,房东,好多次,的,住户,找了,律师,而且,打算,起诉。,,,X-X-X 溶液 玻璃窗 存贮 白崇禧 种 蒸腾 八旗 崩溃 技术 细菌 痉挛。
rc_b_10,rc,RCs_SPR_ET,10,房东多次抱怨了住户吗？,b,1,2,list4,那位 最近 房东 抱怨了 好多次 的 住户 找了 律师 而且 打算 起诉。,那位,最近,房东,抱怨了,好多次,的,住户,找了,律师,而且,打算,起诉。,,,X-X-X 溶液 玻璃窗 存贮 白崇禧 种 蒸腾 八旗 崩溃 技术 细菌 痉挛。
rc_c_10,rc,RCs_SPR_ET,10,房东多次抱怨了住户吗？,c,2,2,list1,律师 找了 那位 最近 抱怨了 房东 好多次 的 住户 而且 打算 起诉。,律师,找了,那位,最近,抱怨了,房东,好多次,的,住户,而且,打算,起诉。,,,X-X-X 牢固 皮肤 溶液 玻璃窗 存贮 碳酸钙 种 吞噬 世界 细菌 痉挛。
rc_d_10,rc,RCs_SPR_ET,10,房东多次抱怨了住户吗？,d,1,2,list2,律师 找了 那位 最近 房东 抱怨了 好多次 的 住户 而且 打算 起诉。,律师,找了,那位,最近,房东,抱怨了,好多次,的,住户,而且,打算,起诉。,,,X-X-X 牢固 皮肤 溶液 玻璃窗 存贮 碳酸钙 种 吞噬 世界 细菌 痉挛。
rc_c_11,rc,RCs_SPR_ET,11,球员上个月骂了教练吗？,c,1,3,list1,女歌星 爱上了 那个 上个月 骂了 教练 一顿 的 球员 还 送他 礼物。,女歌星,爱上了,那个,上个月,骂了,教练,一顿,的,球员,还,送他,礼物。,,,X-X-X 障碍物 矛盾 障碍物 颌骨 祭祀 腼腆 种 孵化 种 螳螂 厌恶。
rc_d_11,rc,RCs_SPR_ET,11,球员上个月骂了教练吗？,d,2,3,list2,女歌星 爱上了 那个 上个月 教练 骂了 一顿 的 球员 还 送他 礼物。,女歌星,爱上了,那个,上个月,教练,骂了,一顿,的,球员,还,送他,礼物。,,,X-X-X 障碍物 矛盾 障碍物 颌骨 祭祀 腼腆 种 孵化 种 螳螂 厌恶。
rc_a_12,rc,RCs_SPR_ET,12,小提琴手崇拜了指挥家很久吗？,a,2,4,list3,那位 以前 崇拜了 指挥家 很久 的 作曲家 结识了 小提琴手 并且 两人 常见面。,那位,以前,崇拜了,指挥家,很久,的,作曲家,结识了,小提琴手,并且,两人,常见面。,,,X-X-X 细胞 啄木鸟 饲养员 短短 种 氧化物 叶倩倩 自负盈亏 实践 嚷嚷 氧化铜。
rc_b_12,rc,RCs_SPR_ET,12,小提琴手崇拜了指挥家很久吗？,b,2,4,list4,那位 以前 指挥家 崇拜了 很久 的 作曲家 结识了 小提琴手 并且 两人 常见面。,那位,以前,指挥家,崇拜了,很久,的,作曲家,结识了,小提琴手,并且,两人,常见面。,,,X-X-X 细胞 啄木鸟 饲养员 短短 种 氧化物 叶倩倩 自负盈亏 实践 嚷嚷 氧化铜。
rc_c_12,rc,RCs_SPR_ET,12,小提琴手结识了作曲家吗？,c,1,4,list1,小提琴手 结识了 那位 以前 崇拜了 指挥家 很久 的 作曲家 并且 两人 常见面。,小提琴手,结识了,那位,以前,崇拜了,指挥家,很久,的,作曲家,并且,两人,常见面。,,,X-X-X 卵细胞 纷纷 细胞 氯酸钾 笑嘻嘻 短短 种 愈来愈 矛盾 吱吱 赵紫阳。
rc_d_12,rc,RCs_SPR_ET,12,小提琴手结识了作曲家吗？,d,1,4,list2,小提琴手 结识了 那位 以前 指挥家 崇拜了 很久 的 作曲家 并且 两人 常见面。,小提琴手,结识了,那位,以前,指挥家,崇拜了,很久,的,作曲家,并且,两人,常见面。,,,X-X-X 卵细胞 纷纷 细胞 氯酸钾 笑嘻嘻 短短 种 愈来愈 矛盾 吱吱 赵紫阳。
rc_a_13,rc,RCs_SPR_ET,13,这个女演员很欣赏金城武吗？,a,1,1,list4,这个 去年 批评了 电影局 几次 的 女演员 很欣赏 金城武 因为 他 个性坦率。,这个,去年,批评了,电影局,几次,的,女演员,很欣赏,金城武,因为,他,个性坦率。,,,X-X-X 三十 障碍物 氯酸钾 燃烧 种 慢吞吞 氯酸钾 葡萄牙 我国 种 逻辑思维。
rc_b_13,rc,RCs_SPR_ET,13,这个女演员很欣赏金城武吗？,b,1,1,list1,这个 去年 电影局 批评了 几次 的 女演员 很欣赏 金城武 因为 他 个性坦率。,这个,去年,电影局,批评了,几次,的,女演员,很欣赏,金城武,因为,他,个性坦率。,,,X-X-X 三十 障碍物 氯酸钾 燃烧 种 慢吞吞 氯酸钾 葡萄牙 我国 种 逻辑思维。
rc_c_13,rc,RCs_SPR_ET,13,这个女演员很欣赏金城武吗？,c,2,1,list2,金城武 很欣赏 这个 去年 批评了 电影局 几次 的 女演员 因为 她 个性坦率。,金城武,很欣赏,这个,去年,批评了,电影局,几次,的,女演员,因为,她,个性坦率。,,,X-X-X 乒乓球 问题 三十 静悄悄 碳酸钠 蘑菇 种 慢吞吞 什么 或 轰轰烈烈。
rc_d_13,rc,RCs_SPR_ET,13,这个女演员很欣赏金城武吗？,d,2,1,list3,金城武 很欣赏 这个 去年 电影局 批评了 几次 的 女演员 因为 她 个性坦率。,金城武,很欣赏,这个,去年,电影局,批评了,几次,的,女演员,因为,她,个性坦率。,,,X-X-X 乒乓球 问题 三十 静悄悄 碳酸钠 蘑菇 种 慢吞吞 什么 或 轰轰烈烈。
rc_a_14,rc,RCs_SPR_ET,14,那位飞行员上个月约过空姐吗？,a,2,2,list4,那位 上个月 约会了 飞行员 两次 的 空姐 惹怒了 经理 因为 她 常迟到。,那位,上个月,约会了,飞行员,两次,的,空姐,惹怒了,经理,因为,她,常迟到。,,,X-X-X 氯酸钾 氨基酸 规范化 蓦地 种 伊犁 叶倩倩 繁殖 研究 种 肖武斌。
rc_b_14,rc,RCs_SPR_ET,14,那位飞行员上个月约过空姐吗？,b,1,2,list1,那位 上个月 飞行员 约会了 两次 的 空姐 惹怒了 经理 因为 她 常迟到。,那位,上个月,飞行员,约会了,两次,的,空姐,惹怒了,经理,因为,她,常迟到。,,,X-X-X 氯酸钾 氨基酸 规范化 蓦地 种 伊犁 叶倩倩 繁殖 研究 种 肖武斌。
rc_c_14,rc,RCs_SPR_ET,14,那位飞行员上个月约过空姐吗？,c,2,2,list2,经理 惹怒了 那位 上个月 约会了 飞行员 两次 的 空姐 因为 他 经常 冷嘲热讽。,经理,惹怒了,那位,上个月,约会了,飞行员,两次,的,空姐,因为,他,经常,冷嘲热讽。,,X-X-X 碳酸钠 纷纷 鄂伦春 鄂伦春 规范化 割裂 种 旋转 研究 种 概念 津津有味。
rc_d_14,rc,RCs_SPR_ET,14,那位飞行员上个月约过空姐吗？,d,1,2,list3,经理 惹怒了 那位 上个月 飞行员 约会了 两次 的 空姐 因为 他 经常 冷嘲热讽。,经理,惹怒了,那位,上个月,飞行员,约会了,两次,的,空姐,因为,他,经常,冷嘲热讽。,,X-X-X 碳酸钠 纷纷 鄂伦春 鄂伦春 规范化 割裂 种 旋转 研究 种 概念 津津有味。
rc_a_15,rc,RCs_SPR_ET,15,男明星今天多次称赞了导演吗？,a,1,3,list4,这位 今天 称赞了 导演 多次 的 男明星 批评了 影评家 并且 表示 很难过。,这位,今天,称赞了,导演,多次,的,男明星,批评了,影评家,并且,表示,很难过。,,,X-X-X 环境 硫酸铜 遵循 贵族 种 碳酸钠 冯玉祥 奴隶主 矛盾 规律 椭圆形。
rc_b_15,rc,RCs_SPR_ET,15,男明星今天多次称赞了导演吗？,b,2,3,list1,这位 今天 导演 称赞了 多次 的 男明星 批评了 影评家 并且 表示 很难过。,这位,今天,导演,称赞了,多次,的,男明星,批评了,影评家,并且,表示,很难过。,,,X-X-X 环境 硫酸铜 遵循 贵族 种 碳酸钠 冯玉祥 奴隶主 矛盾 规律 椭圆形。
rc_c_15,rc,RCs_SPR_ET,15,男明星今天多次称赞了导演吗？,c,1,3,list2,影评家 批评了 这位 今天 称赞了 导演 多次 的 男明星 并且 表示 很难过。,影评家,批评了,这位,今天,称赞了,导演,多次,的,男明星,并且,表示,很难过。,,,X-X-X 柴油机 习惯 环境 脂肪酸 遵循 贵族 我 二十八 矛盾 规律 白细胞。
rc_d_15,rc,RCs_SPR_ET,15,男明星今天多次称赞了导演吗？,d,2,3,list3,影评家 批评了 这位 今天 导演 称赞了 多次 的 男明星 并且 表示 很难过。,影评家,批评了,这位,今天,导演,称赞了,多次,的,男明星,并且,表示,很难过。,,,X-X-X 柴油机 习惯 环境 脂肪酸 遵循 贵族 我 二十八 矛盾 规律 白细胞。
rc_a_16,rc,RCs_SPR_ET,16,那位候选人昨天质疑了记者吗？,a,2,4,list4,那位 昨天 采访了 作家 两个小时 的 记者 质疑了 候选人 而且 扬言 报复。,那位,昨天,采访了,作家,两个小时,的,记者,质疑了,候选人,而且,扬言,报复。,,,X-X-X 趋势 冯玉祥 衣服 氢氧化钠 种 溶液 椭圆形 饲养员 教育 消瘦 牲畜。
rc_b_16,rc,RCs_SPR_ET,16,那位候选人昨天质疑了记者吗？,b,2,4,list1,那位 昨天 作家 采访了 两个小时 的 记者 质疑了 候选人 而且 扬言 报复。,那位,昨天,作家,采访了,两个小时,的,记者,质疑了,候选人,而且,扬言,报复。,,,X-X-X 趋势 冯玉祥 衣服 氢氧化钠 种 溶液 椭圆形 饲养员 教育 消瘦 牲畜。
rc_c_16,rc,RCs_SPR_ET,16,那位候选人昨天质疑了记者吗？,c,1,4,list2,候选人 质疑了 那位 昨天 采访了 作家 两个小时 的 记者 而且 扬言 报复。,候选人,质疑了,那位,昨天,采访了,作家,两个小时,的,记者,而且,扬言,报复。,,,X-X-X 脂肪酸 纷纷 趋势 细胞质 衣服 投机倒把 种 溶液 技术 摹仿 牲畜。
rc_d_16,rc,RCs_SPR_ET,16,那位候选人昨天质疑了记者吗？,d,1,4,list3,候选人 质疑了 那位 昨天 作家 采访了 两个小时 的 记者 而且 扬言 报复。,候选人,质疑了,那位,昨天,作家,采访了,两个小时,的,记者,而且,扬言,报复。,,,X-X-X 脂肪酸 纷纷 趋势 细胞质 衣服 投机倒把 种 溶液 技术 摹仿 牲畜。
rc_a_17,rc,RCs_ET,17,那个小狗嗅出主人吗?,a,1,1,list1,那个 今早 追了 犯人 一会儿 的 小狗 嗅出 主人 并且 停了 下来。,那个,今早,追了,犯人,一会儿,的,小狗,嗅出,主人,并且,停了,下来。,,,X-X-X 嫦娥 傣族 琵琶 蒋介石 种 蒸馏 浩瀚 给予 实践 乙炔 环境。
rc_b_17,rc,RCs_ET,17,那个小狗嗅出主人吗?,b,1,1,list2,那个 今早 犯人 追了 一会儿 的 小狗 嗅出 主人 并且 停了 下来。,那个,今早,犯人,追了,一会儿,的,小狗,嗅出,主人,并且,停了,下来。,,,X-X-X 嫦娥 傣族 琵琶 蒋介石 种 蒸馏 浩瀚 给予 实践 乙炔 环境。
rc_c_17,rc,RCs_ET,17,那个小狗嗅出主人吗?,c,2,1,list3,主人 嗅出 那个 今早 追了 犯人 一会儿 的 小狗 并且 停了 下来。,主人,嗅出,那个,今早,追了,犯人,一会儿,的,小狗,并且,停了,下来。,,,X-X-X 炎症 矛盾 灌输 炼钢 琵琶 蒋介石 种 防治 政策 铅笔 环境。
rc_d_17,rc,RCs_ET,17,那个小狗嗅出主人吗?,d,2,1,list4,主人 嗅出 那个 今早 犯人 追了 一会儿 的 小狗 并且 停了 下来。,主人,嗅出,那个,今早,犯人,追了,一会儿,的,小狗,并且,停了,下来。,,,X-X-X 炎症 矛盾 灌输 炼钢 琵琶 蒋介石 种 防治 政策 铅笔 环境。
rc_a_18,rc,RCs_ET,18,那位妈妈通知管理员吗?,a,1,1,list2,那位 昨天 教训了 邻居 一番 的 妈妈 通知 管理员 然后 报怨了 一个小时。,那位,昨天,教训了,邻居,一番,的,妈妈,通知,管理员,然后,报怨了,一个小时。,,,X-X-X 趋势 氯化钠 煤炭 锻炼 种 思维 六十 碳酸钠 矛盾 肖武斌 气喘吁吁。
rc_b_18,rc,RCs_ET,18,那位妈妈通知管理员吗?,b,1,1,list3,那位 昨天 邻居 教训了 一番 的 妈妈 通知 管理员 然后 报怨了 一个小时。,那位,昨天,邻居,教训了,一番,的,妈妈,通知,管理员,然后,报怨了,一个小时。,,,X-X-X 趋势 氯化钠 煤炭 锻炼 种 思维 六十 碳酸钠 矛盾 肖武斌 气喘吁吁。
rc_c_18,rc,RCs_ET,18,那位妈妈通知管理员吗?,c,2,1,list4,管理员 通知 那位 昨天 教训了 邻居 一番 的 妈妈 然后 报怨了 一个小时。,管理员,通知,那位,昨天,教训了,邻居,一番,的,妈妈,然后,报怨了,一个小时。,,,X-X-X 婚姻 纷纷 趋势 张国焘 沿岸 锻炼 种 逐渐 矛盾 古希腊 眼花缭乱。
rc_d_18,rc,RCs_ET,18,那位妈妈通知管理员吗?,d,2,1,list1,管理员 通知 那位 昨天 邻居 教训了 一番 的 妈妈 然后 报怨了 一个小时。,管理员,通知,那位,昨天,邻居,教训了,一番,的,妈妈,然后,报怨了,一个小时。,,,X-X-X 婚姻 纷纷 趋势 张国焘 沿岸 锻炼 种 逐渐 矛盾 古希腊 眼花缭乱。
rc_a_19,rc,RCs_ET,19,这位政治家附议外交官吗?,a,1,1,list3,这位 去年 密会了 外交部 一次 的 政治家 附议 外交官 并且 相信他。,这位,去年,密会了,外交部,一次,的,政治家,附议,外交官,并且,相信他。,,,,X-X-X 解放 卵细胞 碳酸钠 蝴蝶 种 笑嘻嘻 衬衫 啄木鸟 矛盾 鄂伦春。
rc_b_19,rc,RCs_ET,19,这位政治家附议外交官吗?,b,1,1,list4,这位 去年 外交部 密会了 一次 的 政治家 附议 外交官 并且 相信他。,这位,去年,外交部,密会了,一次,的,政治家,附议,外交官,并且,相信他。,,,,X-X-X 解放 卵细胞 碳酸钠 蝴蝶 种 笑嘻嘻 衬衫 啄木鸟 矛盾 鄂伦春。
rc_c_19,rc,RCs_ET,19,这位政治家附议外交官吗?,c,2,1,list1,外交官 附议 这位 去年 密会了 外交部 一次 的 政治家 并且 相信他。,外交官,附议,这位,去年,密会了,外交部,一次,的,政治家,并且,相信他。,,,,X-X-X 乖乖 习惯 习惯 水溶液 碳酸钠 诙谐 种 笑嘻嘻 矛盾 老奶奶。
rc_d_19,rc,RCs_ET,19,这位政治家附议外交官吗?,d,2,1,list2,外交官 附议 这位 去年 外交部 密会了 一次 的 政治家 并且 相信他。,外交官,附议,这位,去年,外交部,密会了,一次,的,政治家,并且,相信他。,,,,X-X-X 乖乖 习惯 习惯 水溶液 碳酸钠 诙谐 种 笑嘻嘻 矛盾 老奶奶。
rc_a_20,rc,RCs_ET,20,那个评论家洽询出版商吗?,a,1,1,list4,那个 今年 批评了 作家 一番 的 评论家 洽询 出版商 并且 建议了 出版内容。,那个,今年,批评了,作家,一番,的,评论家,洽询,出版商,并且,建议了,出版内容。,,,X-X-X 吸收 碳酸钠 机械 溶解 种 氯酸钾 侥幸 氨基酸 矛盾 啄木鸟 艰苦奋斗。
rc_b_20,rc,RCs_ET,20,那个评论家洽询出版商吗?,b,1,1,list1,那个 今年 作家 批评了 一番 的 评论家 洽询 出版商 并且 建议了 出版内容。,那个,今年,作家,批评了,一番,的,评论家,洽询,出版商,并且,建议了,出版内容。,,,X-X-X 吸收 碳酸钠 机械 溶解 种 氯酸钾 侥幸 氨基酸 矛盾 啄木鸟 艰苦奋斗。
rc_c_20,rc,RCs_ET,20,那个评论家洽询出版商吗?,c,2,1,list2,出版商 洽询 那个 今年 批评了 作家 一番 的 评论家 并且 建议了 出版内容。,出版商,洽询,那个,今年,批评了,作家,一番,的,评论家,并且,建议了,出版内容。,,,X-X-X 奶牛 矛盾 吸收 水溶液 机械 溶解 种 氯酸钾 矛盾 赵紫阳 经济杠杆。
rc_d_20,rc,RCs_ET,20,那个评论家洽询出版商吗?,d,2,1,list3,出版商 洽询 那个 今年 作家 批评了 一番 的 评论家 并且 建议了 出版内容。,出版商,洽询,那个,今年,作家,批评了,一番,的,评论家,并且,建议了,出版内容。,,,X-X-X 奶牛 矛盾 吸收 水溶液 机械 溶解 种 氯酸钾 矛盾 赵紫阳 经济杠杆。
rc_a_21,rc,RCs_ET,21,那位学生称赞了老师吗?,a,2,2,list1,那位 下午 称赞了 学生 多次 的 老师 认出 家长 然后 打了招呼。,那位,下午,称赞了,学生,多次,的,老师,认出,家长,然后,打了招呼。,,,,X-X-X 危险 柬埔寨 革命 贵族 种 广泛 尘埃 均匀 实践 技术革新。
rc_b_21,rc,RCs_ET,21,那位学生称赞了老师吗?,b,1,2,list2,那位 下午 学生 称赞了 多次 的 老师 认出 家长 然后 打了招呼。,那位,下午,学生,称赞了,多次,的,老师,认出,家长,然后,打了招呼。,,,,X-X-X 危险 柬埔寨 革命 贵族 种 广泛 尘埃 均匀 实践 技术革新。
rc_c_21,rc,RCs_ET,21,那位学生称赞了老师吗?,c,2,2,list3,家长 认出 那位 下午 称赞了 学生 多次 的 老师 然后 打了招呼。,家长,认出,那位,下午,称赞了,学生,多次,的,老师,然后,打了招呼。,,,,X-X-X 尘埃 皮肤 概括 冯玉祥 历史 贵族 种 广泛 政府 脊椎动物。
rc_d_21,rc,RCs_ET,21,那位学生称赞了老师吗?,d,1,2,list4,家长 认出 那位 下午 学生 称赞了 多次 的 老师 然后 打了招呼。,家长,认出,那位,下午,学生,称赞了,多次,的,老师,然后,打了招呼。,,,,X-X-X 尘埃 皮肤 概括 冯玉祥 历史 贵族 种 广泛 政府 脊椎动物。
rc_a_22,rc,RCs_ET,22,那位护士协助了营养师吗?,a,2,2,list2,那位 上周 协助了 护士 一整天 的 营养师 看了 医生 而且 确定病征。,那位,上周,协助了,护士,一整天,的,营养师,看了,医生,而且,确定病征。,,,,X-X-X 冯俭 氯酸钾 弹簧 硝酸钾 种 硝酸钾 钢材 交换 企业 农民战争。
rc_b_22,rc,RCs_ET,22,那位护士协助了营养师吗?,b,1,2,list3,那位 上周 护士 协助了 一整天 的 营养师 看了 医生 而且 确定病征。,那位,上周,护士,协助了,一整天,的,营养师,看了,医生,而且,确定病征。,,,,X-X-X 冯俭 氯酸钾 弹簧 硝酸钾 种 硝酸钾 钢材 交换 企业 农民战争。
rc_c_22,rc,RCs_ET,22,那位护士协助了营养师吗?,c,2,2,list4,医生 看了 那位 上周 协助了 护士 一整天 的 营养师 而且 确定病征。,医生,看了,那位,上周,协助了,护士,一整天,的,营养师,而且,确定病征。,,,,X-X-X 竣工 纷纷 颌骨 叶倩倩 弹簧 硫酸铜 种 习惯于 企业 奴隶社会。
rc_d_22,rc,RCs_ET,22,那位护士协助了营养师吗?,d,1,2,list1,医生 看了 那位 上周 护士 协助了 一整天 的 营养师 而且 确定病征。,医生,看了,那位,上周,护士,协助了,一整天,的,营养师,而且,确定病征。,,,,X-X-X 竣工 纷纷 颌骨 叶倩倩 弹簧 硫酸铜 种 习惯于 企业 奴隶社会。
rc_a_23,rc,RCs_ET,23,新同事看过员工吗?,a,2,2,list3,这位 上个月 看过 新同事 几次 的 员工 说服了 上司 然后 转了部门。,这位,上个月,看过,新同事,几次,的,员工,说服了,上司,然后,转了部门。,,,,X-X-X 障碍物 脂肪 细胞质 轰炸 种 喃喃 黑猩猩 盗窃 实践 血液循环。
rc_b_23,rc,RCs_ET,23,新同事看过员工吗?,b,1,2,list4,这位 上个月 新同事 看过 几次 的 员工 说服了 上司 然后 转了部门。,这位,上个月,新同事,看过,几次,的,员工,说服了,上司,然后,转了部门。,,,,X-X-X 障碍物 脂肪 细胞质 轰炸 种 喃喃 黑猩猩 盗窃 实践 血液循环。
rc_c_23,rc,RCs_ET,23,新同事看过员工吗?,c,2,2,list1,上司 说服了 这位 上个月 看过 新同事 几次 的 员工 然后 转了部门。,上司,说服了,这位,上个月,看过,新同事,几次,的,员工,然后,转了部门。,,,,X-X-X 水溶液 教授 段祺瑞 脂肪 奴隶制 宛如 种 冤枉 矛盾 千千万万。
rc_d_23,rc,RCs_ET,23,新同事看过员工吗?,d,1,2,list2,上司 说服了 这位 上个月 新同事 看过 几次 的 员工 然后 转了部门。,上司,说服了,这位,上个月,新同事,看过,几次,的,员工,然后,转了部门。,,,,X-X-X 水溶液 教授 段祺瑞 脂肪 奴隶制 宛如 种 冤枉 矛盾 千千万万。
rc_a_24,rc,RCs_ET,24,妻子陪了丈夫吗?,a,2,2,list4,这位 上午 陪了 妻子 许久 的 丈夫 问了 旅行社 然后 决定 规划旅行。,这位,上午,陪了,妻子,许久,的,丈夫,问了,旅行社,然后,决定,规划旅行。,,,X-X-X 绘画 机舱 趋势 悬殊 种 贯彻 呼啸 梁启超 矛盾 艺术 通货膨胀。
rc_b_24,rc,RCs_ET,24,妻子陪了丈夫吗?,b,1,2,list1,这位 上午 妻子 陪了 许久 的 丈夫 问了 旅行社 然后 决定 规划旅行。,这位,上午,妻子,陪了,许久,的,丈夫,问了,旅行社,然后,决定,规划旅行。,,,X-X-X 绘画 机舱 趋势 悬殊 种 贯彻 呼啸 梁启超 矛盾 艺术 通货膨胀。
rc_c_24,rc,RCs_ET,24,妻子陪了丈夫吗?,c,2,2,list2,旅行社 问了 这位 上午 陪了 妻子 许久 的 丈夫 然后 决定 规划旅行。,旅行社,问了,这位,上午,陪了,妻子,许久,的,丈夫,然后,决定,规划旅行。,,,X-X-X 蝴蝶 权利 绘画 胚胎 逻辑 悬殊 种 贯彻 矛盾 艺术 剥削阶级。
rc_d_24,rc,RCs_ET,24,妻子陪了丈夫吗?,d,1,2,list3,旅行社 问了 这位 上午 妻子 陪了 许久 的 丈夫 然后 决定 规划旅行。,旅行社,问了,这位,上午,妻子,陪了,许久,的,丈夫,然后,决定,规划旅行。,,,X-X-X 蝴蝶 权利 绘画 胚胎 逻辑 悬殊 种 贯彻 矛盾 艺术 剥削阶级。
rc_a_25,rc,RCs_ET,25,女孩询问了店员吗?,a,1,3,list1,那个 上午 询问了 店员 几次 的 女孩 找到了 妈妈 然后 回了家。,那个,上午,询问了,店员,几次,的,女孩,找到了,妈妈,然后,回了家。,,,,X-X-X 锻炼 蒸馏水 延伸 牡蛎 种 贮藏 乒乓球 逐渐 矛盾 古希腊。
rc_b_25,rc,RCs_ET,25,女孩询问了店员吗?,b,2,3,list2,那个 上午 店员 询问了 几次 的 女孩 找到了 妈妈 然后 回了家。,那个,上午,店员,询问了,几次,的,女孩,找到了,妈妈,然后,回了家。,,,,X-X-X 锻炼 蒸馏水 延伸 牡蛎 种 贮藏 乒乓球 逐渐 矛盾 古希腊。
rc_c_25,rc,RCs_ET,25,女孩询问了店员吗?,c,1,3,list3,妈妈 找到了 那个 上午 询问了 店员 几次 的 女孩 然后 回了家。,妈妈,找到了,那个,上午,询问了,店员,几次,的,女孩,然后,回了家。,,,,X-X-X 细胞质 矛盾 锻炼 碳酸钠 唾沫 嚷嚷 种 匀速 矛盾 古希腊。
rc_d_25,rc,RCs_ET,25,女孩询问了店员吗?,d,2,3,list4,妈妈 找到了 那个 上午 店员 询问了 几次 的 女孩 然后 回了家。,妈妈,找到了,那个,上午,店员,询问了,几次,的,女孩,然后,回了家。,,,,X-X-X 细胞质 矛盾 锻炼 碳酸钠 唾沫 嚷嚷 种 匀速 矛盾 古希腊。
rc_a_26,rc,RCs_ET,26,商人恭喜了新娘吗?,a,1,3,list2,这个 去年 恭喜了 新娘 几次 的 商人 吻了 女儿 并且 举办了 喜宴。,这个,去年,恭喜了,新娘,几次,的,商人,吻了,女儿,并且,举办了,喜宴。,,,X-X-X 检查 细胞核 稍稍 拯救 种 阻碍 邯郸 代替 实践 卵细胞 岂不。
rc_b_26,rc,RCs_ET,26,商人恭喜了新娘吗?,b,2,3,list3,这个 去年 新娘 恭喜了 几次 的 商人 吻了 女儿 并且 举办了 喜宴。,这个,去年,新娘,恭喜了,几次,的,商人,吻了,女儿,并且,举办了,喜宴。,,,X-X-X 检查 细胞核 稍稍 拯救 种 阻碍 邯郸 代替 实践 卵细胞 岂不。
rc_c_26,rc,RCs_ET,26,商人恭喜了新娘吗?,c,1,3,list4,女儿 吻了 这个 去年 恭喜了 新娘 几次 的 商人 并且 举办了 喜宴。,女儿,吻了,这个,去年,恭喜了,新娘,几次,的,商人,并且,举办了,喜宴。,,,X-X-X 酝酿 研究 检查 植物体 淀粉 唠叨 种 阻碍 实践 段祺瑞 保障。
rc_d_26,rc,RCs_ET,26,商人恭喜了新娘吗?,d,2,3,list1,女儿 吻了 这个 去年 新娘 恭喜了 几次 的 商人 并且 举办了 喜宴。,女儿,吻了,这个,去年,新娘,恭喜了,几次,的,商人,并且,举办了,喜宴。,,,X-X-X 酝酿 研究 检查 植物体 淀粉 唠叨 种 阻碍 实践 段祺瑞 保障。
rc_a_27,rc,RCs_ET,27,播报员相信了科学家吗?,a,1,3,list3,这位 昨晚 谘询了 科学家 一下 的 播报员 联系 物理专家 并且 调查了 真相。,这位,昨晚,谘询了,科学家,一下,的,播报员,联系,物理专家,并且,调查了,真相。,,,X-X-X 汗水 叶倩倩 怎么样 包括 种 葡萄牙 环境 垄断资本 矛盾 硫酸铜 贪婪。
rc_b_27,rc,RCs_ET,27,播报员相信了科学家吗?,b,2,3,list4,这位 昨晚 科学家 谘询了 一下 的 播报员 联系 物理专家 并且 调查了 真相。,这位,昨晚,科学家,谘询了,一下,的,播报员,联系,物理专家,并且,调查了,真相。,,,X-X-X 汗水 叶倩倩 怎么样 包括 种 葡萄牙 环境 垄断资本 矛盾 硫酸铜 贪婪。
rc_c_27,rc,RCs_ET,27,播报员相信了科学家吗?,c,1,3,list1,物理专家 联系 这位 昨晚 谘询了 科学家 一下 的 播报员 并且 调查了 真相。,物理专家,联系,这位,昨晚,谘询了,科学家,一下,的,播报员,并且,调查了,真相。,,,X-X-X 环境 习惯 毁灭 西红柿 越来越 包括 种 水溶液 矛盾 县政府 贪婪。
rc_d_27,rc,RCs_ET,27,播报员相信了科学家吗?,d,2,3,list2,物理专家 联系 这位 昨晚 谘询了 科学家 一下 的 播报员 并且 调查了 真相。,物理专家,联系,这位,昨晚,谘询了,科学家,一下,的,播报员,并且,调查了,真相。,,,X-X-X 环境 习惯 毁灭 西红柿 越来越 包括 种 水溶液 矛盾 县政府 贪婪。
rc_a_28,rc,RCs_ET,28,歌剧家联络了小说家吗?,a,1,3,list4,那个 前天 联络了 小说家 两次 的 歌剧家 想到 大学教授 所以 打了电话 给他。,那个,前天,联络了,小说家,两次,的,歌剧家,想到,大学教授,所以,打了电话,给他。,,,X-X-X 柑桔 鄂温克 笑嘻嘻 捕捞 种 段祺瑞 广泛 气喘吁吁 条件 脊椎动物 邯郸。
rc_b_28,rc,RCs_ET,28,歌剧家联络了小说家吗?,b,2,3,list1,那个 前天 小说家 联络了 两次 的 歌剧家 想到 大学教授 所以 打了电话 给他。,那个,前天,小说家,联络了,两次,的,歌剧家,想到,大学教授,所以,打了电话,给他。,,,X-X-X 柑桔 鄂温克 笑嘻嘻 捕捞 种 段祺瑞 广泛 气喘吁吁 条件 脊椎动物 邯郸。
rc_c_28,rc,RCs_ET,28,歌剧家联络了小说家吗?,c,1,3,list2,大学教授 想到 那个 前天 联络了 小说家 两次 的 歌剧家 所以 打了电话 给他。,大学教授,想到,那个,前天,联络了,小说家,两次,的,歌剧家,所以,打了电话,给他。,,,X-X-X 舞蹈 性质 柑桔 硝酸钾 视网膜 繁衍 种 徐悲鸿 条件 血液循环 虫卵。
rc_d_28,rc,RCs_ET,28,歌剧家联络了小说家吗?,d,2,3,list3,大学教授 想到 那个 前天 小说家 联络了 两次 的 歌剧家 所以 打了电话 给他。,大学教授,想到,那个,前天,小说家,联络了,两次,的,歌剧家,所以,打了电话,给他。,,,X-X-X 舞蹈 性质 柑桔 硝酸钾 视网膜 繁衍 种 徐悲鸿 条件 血液循环 虫卵。
rc_a_29,rc,RCs_ET,29,伯伯送了这个叔叔吗?,a,2,4,list1,这个 刚才 接了 姑姑 一次 的 叔叔 送了 伯伯 并且 一起 坐车去。,这个,刚才,接了,姑姑,一次,的,叔叔,送了,伯伯,并且,一起,坐车去。,,,X-X-X 溶液 猖獗 烙印 拥挤 种 毫无 缺乏 衡量 矛盾 性质 障碍物。
rc_b_29,rc,RCs_ET,29,伯伯送了这个叔叔吗?,b,2,4,list2,这个 刚才 姑姑 接了 一次 的 叔叔 送了 伯伯 并且 一起 坐车去。,这个,刚才,姑姑,接了,一次,的,叔叔,送了,伯伯,并且,一起,坐车去。,,,X-X-X 溶液 猖獗 烙印 拥挤 种 毫无 缺乏 衡量 矛盾 性质 障碍物。
rc_c_29,rc,RCs_ET,29,伯伯送了这个叔叔吗?,c,1,4,list3,伯伯 送了 这个 刚才 接了 姑姑 一次 的 叔叔 并且 一起 坐车去。,伯伯,送了,这个,刚才,接了,姑姑,一次,的,叔叔,并且,一起,坐车去。,,,X-X-X 咽喉 研究 溶液 按钮 脊柱 掠夺 种 描述 质量 性质 污染物。
rc_d_29,rc,RCs_ET,29,伯伯送了这个叔叔吗?,d,1,4,list4,伯伯 送了 这个 刚才 姑姑 接了 一次 的 叔叔 并且 一起 坐车去。,伯伯,送了,这个,刚才,姑姑,接了,一次,的,叔叔,并且,一起,坐车去。,,,X-X-X 咽喉 研究 溶液 按钮 脊柱 掠夺 种 描述 质量 性质 污染物。
rc_a_30,rc,RCs_ET,30,一位女孩遇见这个男生吗?,a,2,4,list2,这个 今晚 服务了 空乘 两次 的 男生 遇见 一位女孩 然后 要了 电话号码。,这个,今晚,服务了,空乘,两次,的,男生,遇见,一位女孩,然后,要了,电话号码。,,,X-X-X 损伤 硝酸钾 饥饿 乖乖 种 鼻腔 菊花 氢氧化钠 规律 橡皮 通货膨胀。
rc_b_30,rc,RCs_ET,30,一位女孩遇见这个男生吗?,b,2,4,list3,这个 今晚 空乘 服务了 两次 的 男生 遇见 一位女孩 然后 要了 电话号码。,这个,今晚,空乘,服务了,两次,的,男生,遇见,一位女孩,然后,要了,电话号码。,,,X-X-X 损伤 硝酸钾 饥饿 乖乖 种 鼻腔 菊花 氢氧化钠 规律 橡皮 通货膨胀。
rc_c_30,rc,RCs_ET,30,一位女孩遇见这个男生吗?,c,1,4,list4,一位女孩 遇见 这个 今晚 服务了 空乘 两次 的 男生 然后 要了 电话号码。,一位女孩,遇见,这个,今晚,服务了,空乘,两次,的,男生,然后,要了,电话号码。,,,X-X-X 崩溃 发展 步伐 奴隶主 疲倦 沉沉 种 嗡嗡 规律 紫菜 二氧化硫。
rc_d_30,rc,RCs_ET,30,一位女孩遇见这个男生吗?,d,1,4,list1,一位女孩 遇见 这个 今晚 空乘 服务了 两次 的 男生 然后 要了 电话号码。,一位女孩,遇见,这个,今晚,空乘,服务了,两次,的,男生,然后,要了,电话号码。,,,X-X-X 崩溃 发展 步伐 奴隶主 疲倦 沉沉 种 嗡嗡 规律 紫菜 二氧化硫。
rc_a_31,rc,RCs_ET,31,好朋友拒绝那个学生吗?,a,2,4,list3,那个 刚刚 邀请了 女同学 一次 的 学生 拒绝了 好朋友 并且 离开了 教室。,那个,刚刚,邀请了,女同学,一次,的,学生,拒绝了,好朋友,并且,离开了,教室。,,,X-X-X 趋势 奴隶主 气呼呼 弹簧 种 根据 静悄悄 啄木鸟 阶段 氯化钠 疲劳。
rc_b_31,rc,RCs_ET,31,好朋友拒绝那个学生吗?,b,2,4,list4,那个 刚刚 女同学 邀请了 一次 的 学生 拒绝了 好朋友 并且 离开了 教室。,那个,刚刚,女同学,邀请了,一次,的,学生,拒绝了,好朋友,并且,离开了,教室。,,,X-X-X 趋势 奴隶主 气呼呼 弹簧 种 根据 静悄悄 啄木鸟 阶段 氯化钠 疲劳。
rc_c_31,rc,RCs_ET,31,好朋友拒绝那个学生吗?,c,1,4,list1,好朋友 拒绝了 那个 刚刚 邀请了 女同学 一次 的 学生 并且 离开了 教室。,好朋友,拒绝了,那个,刚刚,邀请了,女同学,一次,的,学生,并且,离开了,教室。,,,X-X-X 氯酸钾 矛盾 趋势 葡萄糖 气呼呼 屹立 种 怎么 矛盾 甲状腺 疲劳。
rc_d_31,rc,RCs_ET,31,好朋友拒绝那个学生吗?,d,1,4,list2,好朋友 拒绝了 那个 刚刚 女同学 邀请了 一次 的 学生 并且 离开了 教室。,好朋友,拒绝了,那个,刚刚,女同学,邀请了,一次,的,学生,并且,离开了,教室。,,,X-X-X 氯酸钾 矛盾 趋势 葡萄糖 气呼呼 屹立 种 怎么 矛盾 甲状腺 疲劳。
rc_a_32,rc,RCs_ET,32,青梅竹马撞到那位生意人吗?,a,2,4,list4,那位 昨天 拜访了 亲戚 整个下午 的 生意人 撞到 青梅竹马 并且 感到讶异。,那位,昨天,拜访了,亲戚,整个下午,的,生意人,撞到,青梅竹马,并且,感到讶异。,,,,X-X-X 趋势 柬埔寨 腐朽 剥削阶级 种 具体化 胳膊 氢氧化钠 改革 抗美援朝。
rc_b_32,rc,RCs_ET,32,青梅竹马撞到那位生意人吗?,b,2,4,list1,那位 昨天 亲戚 拜访了 整个下午 的 生意人 撞到 青梅竹马 并且 感到讶异。,那位,昨天,亲戚,拜访了,整个下午,的,生意人,撞到,青梅竹马,并且,感到讶异。,,,,X-X-X 趋势 柬埔寨 腐朽 剥削阶级 种 具体化 胳膊 氢氧化钠 改革 抗美援朝。
rc_c_32,rc,RCs_ET,32,青梅竹马撞到那位生意人吗?,c,1,4,list2,青梅竹马 撞到 那位 昨天 拜访了 亲戚 整个下午 的 生意人 并且 感到讶异。,青梅竹马,撞到,那位,昨天,拜访了,亲戚,整个下午,的,生意人,并且,感到讶异。,,,,X-X-X 唾液 纷纷 趋势 柬埔寨 腐朽 气喘吁吁 种 段祺瑞 改革 宗教改革。
rc_d_32,rc,RCs_ET,32,青梅竹马撞到那位生意人吗?,d,1,4,list3,青梅竹马 撞到 那位 昨天 亲戚 拜访了 整个下午 的 生意人 并且 感到讶异。,青梅竹马,撞到,那位,昨天,亲戚,拜访了,整个下午,的,生意人,并且,感到讶异。,,,,X-X-X 唾液 纷纷 趋势 柬埔寨 腐朽 气喘吁吁 种 段祺瑞 改革 宗教改革。
fill_filler_101,fill,Filler,101,日子过得很惬意是在旅馆写剧本的那段时间？,filler,1,99,list1,在 旅馆 写 剧本 的 那段 时间 日子 过得 很 惬意。,在,旅馆,写,剧本,的,那段,时间,日子,过得,很,惬意。,,,,X-X-X 吩咐 句 膨胀 个 怨恨 必须 批评 林彪 呢 譬如。
fill_filler_101,fill,Filler,101,日子过得很惬意是在旅馆写剧本的那段时间？,filler,1,99,list2,在 旅馆 写 剧本 的 那段 时间 日子 过得 很 惬意。,在,旅馆,写,剧本,的,那段,时间,日子,过得,很,惬意。,,,,X-X-X 吩咐 句 膨胀 个 怨恨 必须 批评 林彪 呢 譬如。
fill_filler_101,fill,Filler,101,日子过得很惬意是在旅馆写剧本的那段时间？,filler,1,99,list3,在 旅馆 写 剧本 的 那段 时间 日子 过得 很 惬意。,在,旅馆,写,剧本,的,那段,时间,日子,过得,很,惬意。,,,,X-X-X 吩咐 句 膨胀 个 怨恨 必须 批评 林彪 呢 譬如。
fill_filler_101,fill,Filler,101,日子过得很惬意是在旅馆写剧本的那段时间？,filler,1,99,list4,在 旅馆 写 剧本 的 那段 时间 日子 过得 很 惬意。,在,旅馆,写,剧本,的,那段,时间,日子,过得,很,惬意。,,,,X-X-X 吩咐 句 膨胀 个 怨恨 必须 批评 林彪 呢 譬如。
fill_filler_102,fill,Filler,102,不能规格化的产品是手工艺时代的特色？,filler,1,99,list1,这种 不能 规格化 的 产品 本来 就是 手工艺 时代 的 特色。,这种,不能,规格化,的,产品,本来,就是,手工艺,时代,的,特色。,,,,X-X-X 问题 李大钊 我 今天 恢复 问题 病虫害 告诉 着 媳妇。
fill_filler_102,fill,Filler,102,不能规格化的产品是手工艺时代的特色？,filler,1,99,list2,这种 不能 规格化 的 产品 本来 就是 手工艺 时代 的 特色。,这种,不能,规格化,的,产品,本来,就是,手工艺,时代,的,特色。,,,,X-X-X 问题 李大钊 我 今天 恢复 问题 病虫害 告诉 着 媳妇。
fill_filler_102,fill,Filler,102,不能规格化的产品是手工艺时代的特色？,filler,1,99,list3,这种 不能 规格化 的 产品 本来 就是 手工艺 时代 的 特色。,这种,不能,规格化,的,产品,本来,就是,手工艺,时代,的,特色。,,,,X-X-X 问题 李大钊 我 今天 恢复 问题 病虫害 告诉 着 媳妇。
fill_filler_102,fill,Filler,102,不能规格化的产品是手工艺时代的特色？,filler,1,99,list4,这种 不能 规格化 的 产品 本来 就是 手工艺 时代 的 特色。,这种,不能,规格化,的,产品,本来,就是,手工艺,时代,的,特色。,,,,X-X-X 问题 李大钊 我 今天 恢复 问题 病虫害 告诉 着 媳妇。
fill_filler_103,fill,Filler,103,比利时酿制啤酒的历史从罗马帝国时代就开始了？,filler,1,99,list1,比利时 酿制 啤酒 的 历史 很久 从 罗马帝国 时代 就 开始 了。,比利时,酿制,啤酒,的,历史,很久,从,罗马帝国,时代,就,开始,了。,,,X-X-X 忧虑 慌乱 我 怎么 闪烁 两 刑事诉讼 告诉 种 技术 我。
fill_filler_103,fill,Filler,103,比利时酿制啤酒的历史从罗马帝国时代就开始了？,filler,1,99,list2,比利时 酿制 啤酒 的 历史 很久 从 罗马帝国 时代 就 开始 了。,比利时,酿制,啤酒,的,历史,很久,从,罗马帝国,时代,就,开始,了。,,,X-X-X 忧虑 慌乱 我 怎么 闪烁 两 刑事诉讼 告诉 种 技术 我。
fill_filler_103,fill,Filler,103,比利时酿制啤酒的历史从罗马帝国时代就开始了？,filler,1,99,list3,比利时 酿制 啤酒 的 历史 很久 从 罗马帝国 时代 就 开始 了。,比利时,酿制,啤酒,的,历史,很久,从,罗马帝国,时代,就,开始,了。,,,X-X-X 忧虑 慌乱 我 怎么 闪烁 两 刑事诉讼 告诉 种 技术 我。
fill_filler_103,fill,Filler,103,比利时酿制啤酒的历史从罗马帝国时代就开始了？,filler,1,99,list4,比利时 酿制 啤酒 的 历史 很久 从 罗马帝国 时代 就 开始 了。,比利时,酿制,啤酒,的,历史,很久,从,罗马帝国,时代,就,开始,了。,,,X-X-X 忧虑 慌乱 我 怎么 闪烁 两 刑事诉讼 告诉 种 技术 我。
fill_filler_104,fill,Filler,104,马丁尼会被我选为代表寂寞的酒？,filler,1,99,list1,如果 要 选 一种 鸡尾酒 来 代表 寂寞 的话 我会 选 马丁尼。,如果,要,选,一种,鸡尾酒,来,代表,寂寞,的话,我会,选,马丁尼。,,,X-X-X 个 唉 逮捕 有把握 小 矛盾 妨碍 避免 芭蕾 亿 病虫害。
fill_filler_104,fill,Filler,104,马丁尼会被我选为代表寂寞的酒？,filler,1,99,list2,如果 要 选 一种 鸡尾酒 来 代表 寂寞 的话 我会 选 马丁尼。,如果,要,选,一种,鸡尾酒,来,代表,寂寞,的话,我会,选,马丁尼。,,,X-X-X 个 唉 逮捕 有把握 小 矛盾 妨碍 避免 芭蕾 亿 病虫害。
fill_filler_104,fill,Filler,104,马丁尼会被我选为代表寂寞的酒？,filler,1,99,list3,如果 要 选 一种 鸡尾酒 来 代表 寂寞 的话 我会 选 马丁尼。,如果,要,选,一种,鸡尾酒,来,代表,寂寞,的话,我会,选,马丁尼。,,,X-X-X 个 唉 逮捕 有把握 小 矛盾 妨碍 避免 芭蕾 亿 病虫害。
fill_filler_104,fill,Filler,104,马丁尼会被我选为代表寂寞的酒？,filler,1,99,list4,如果 要 选 一种 鸡尾酒 来 代表 寂寞 的话 我会 选 马丁尼。,如果,要,选,一种,鸡尾酒,来,代表,寂寞,的话,我会,选,马丁尼。,,,X-X-X 个 唉 逮捕 有把握 小 矛盾 妨碍 避免 芭蕾 亿 病虫害。
fill_filler_105,fill,Filler,105,生意太差所以酒馆自然关门了？,filler,1,99,list1,这个 我 心爱 的 酒馆 后来 因为 生意 太差 关门了。,这个,我,心爱,的,酒馆,后来,因为,生意,太差,关门了。,,,,,X-X-X 种 狡猾 说 浓缩 矛盾 问题 掠夺 嘴唇 细胞质。
fill_filler_105,fill,Filler,105,生意太差所以酒馆自然关门了？,filler,1,99,list2,这个 我 心爱 的 酒馆 后来 因为 生意 太差 关门了。,这个,我,心爱,的,酒馆,后来,因为,生意,太差,关门了。,,,,,X-X-X 种 狡猾 说 浓缩 矛盾 问题 掠夺 嘴唇 细胞质。
fill_filler_105,fill,Filler,105,生意太差所以酒馆自然关门了？,filler,1,99,list3,这个 我 心爱 的 酒馆 后来 因为 生意 太差 关门了。,这个,我,心爱,的,酒馆,后来,因为,生意,太差,关门了。,,,,,X-X-X 种 狡猾 说 浓缩 矛盾 问题 掠夺 嘴唇 细胞质。
fill_filler_105,fill,Filler,105,生意太差所以酒馆自然关门了？,filler,1,99,list4,这个 我 心爱 的 酒馆 后来 因为 生意 太差 关门了。,这个,我,心爱,的,酒馆,后来,因为,生意,太差,关门了。,,,,,X-X-X 种 狡猾 说 浓缩 矛盾 问题 掠夺 嘴唇 细胞质。
fill_filler_106,fill,Filler,106,酿制雪莉酒的过程中要加入白兰地？,filler,1,99,list1,雪莉酒 是用 晒干的 葡萄 酿制成的 在 酿制 过程中 要 加入 白兰地。,雪莉酒,是用,晒干的,葡萄,酿制成的,在,酿制,过程中,要,加入,白兰地。,,,,X-X-X 忽视 庄稼人 惩罚 勤工俭学 我 玳瑁 氯化钠 那 广州 静悄悄。
fill_filler_106,fill,Filler,106,酿制雪莉酒的过程中要加入白兰地？,filler,1,99,list2,雪莉酒 是用 晒干的 葡萄 酿制成的 在 酿制 过程中 要 加入 白兰地。,雪莉酒,是用,晒干的,葡萄,酿制成的,在,酿制,过程中,要,加入,白兰地。,,,,X-X-X 忽视 庄稼人 惩罚 勤工俭学 我 玳瑁 氯化钠 那 广州 静悄悄。
fill_filler_106,fill,Filler,106,酿制雪莉酒的过程中要加入白兰地？,filler,1,99,list3,雪莉酒 是用 晒干的 葡萄 酿制成的 在 酿制 过程中 要 加入 白兰地。,雪莉酒,是用,晒干的,葡萄,酿制成的,在,酿制,过程中,要,加入,白兰地。,,,,X-X-X 忽视 庄稼人 惩罚 勤工俭学 我 玳瑁 氯化钠 那 广州 静悄悄。
fill_filler_106,fill,Filler,106,酿制雪莉酒的过程中要加入白兰地？,filler,1,99,list4,雪莉酒 是用 晒干的 葡萄 酿制成的 在 酿制 过程中 要 加入 白兰地。,雪莉酒,是用,晒干的,葡萄,酿制成的,在,酿制,过程中,要,加入,白兰地。,,,,X-X-X 忽视 庄稼人 惩罚 勤工俭学 我 玳瑁 氯化钠 那 广州 静悄悄。
fill_filler_107,fill,Filler,107,中国的补酒可能世界上最多？,filler,1,99,list1,中国人 喜欢 补身体 可能 有 世界上 最多种 的 补酒。,中国人,喜欢,补身体,可能,有,世界上,最多种,的,补酒。,,,,,,X-X-X 位置 郭沫若 革命 我 吴佩孚 作斗争 我 晴朗。
fill_filler_107,fill,Filler,107,中国的补酒可能世界上最多？,filler,1,99,list2,中国人 喜欢 补身体 可能 有 世界上 最多种 的 补酒。,中国人,喜欢,补身体,可能,有,世界上,最多种,的,补酒。,,,,,,X-X-X 位置 郭沫若 革命 我 吴佩孚 作斗争 我 晴朗。
fill_filler_107,fill,Filler,107,中国的补酒可能世界上最多？,filler,1,99,list3,中国人 喜欢 补身体 可能 有 世界上 最多种 的 补酒。,中国人,喜欢,补身体,可能,有,世界上,最多种,的,补酒。,,,,,,X-X-X 位置 郭沫若 革命 我 吴佩孚 作斗争 我 晴朗。
fill_filler_107,fill,Filler,107,中国的补酒可能世界上最多？,filler,1,99,list4,中国人 喜欢 补身体 可能 有 世界上 最多种 的 补酒。,中国人,喜欢,补身体,可能,有,世界上,最多种,的,补酒。,,,,,,X-X-X 位置 郭沫若 革命 我 吴佩孚 作斗争 我 晴朗。
fill_filler_108,fill,Filler,108,高级宴会中的饮酒常是香槟？,filler,1,99,list1,香槟 经常 当作 开胃酒 或 高级 宴会中 的 酒。,香槟,经常,当作,开胃酒,或,高级,宴会中,的,酒。,,,,,,X-X-X 回答 紧紧 叶倩倩 呢 辐射 章太炎 我 懂。
fill_filler_108,fill,Filler,108,高级宴会中的饮酒常是香槟？,filler,1,99,list2,香槟 经常 当作 开胃酒 或 高级 宴会中 的 酒。,香槟,经常,当作,开胃酒,或,高级,宴会中,的,酒。,,,,,,X-X-X 回答 紧紧 叶倩倩 呢 辐射 章太炎 我 懂。
fill_filler_108,fill,Filler,108,高级宴会中的饮酒常是香槟？,filler,1,99,list3,香槟 经常 当作 开胃酒 或 高级 宴会中 的 酒。,香槟,经常,当作,开胃酒,或,高级,宴会中,的,酒。,,,,,,X-X-X 回答 紧紧 叶倩倩 呢 辐射 章太炎 我 懂。
fill_filler_108,fill,Filler,108,高级宴会中的饮酒常是香槟？,filler,1,99,list4,香槟 经常 当作 开胃酒 或 高级 宴会中 的 酒。,香槟,经常,当作,开胃酒,或,高级,宴会中,的,酒。,,,,,,X-X-X 回答 紧紧 叶倩倩 呢 辐射 章太炎 我 懂。
fill_filler_109,fill,Filler,109,波尔多以美食闻名？,filler,1,99,list1,波尔多 是 法国 西南部 重要的 都市 以 美食 闻名。,波尔多,是,法国,西南部,重要的,都市,以,美食,闻名。,,,,,,X-X-X 你 习惯 啄木鸟 碳酸钙 琢磨 呢 摧残 芭蕾。
fill_filler_109,fill,Filler,109,波尔多以美食闻名？,filler,1,99,list2,波尔多 是 法国 西南部 重要的 都市 以 美食 闻名。,波尔多,是,法国,西南部,重要的,都市,以,美食,闻名。,,,,,,X-X-X 你 习惯 啄木鸟 碳酸钙 琢磨 呢 摧残 芭蕾。
fill_filler_109,fill,Filler,109,波尔多以美食闻名？,filler,1,99,list3,波尔多 是 法国 西南部 重要的 都市 以 美食 闻名。,波尔多,是,法国,西南部,重要的,都市,以,美食,闻名。,,,,,,X-X-X 你 习惯 啄木鸟 碳酸钙 琢磨 呢 摧残 芭蕾。
fill_filler_109,fill,Filler,109,波尔多以美食闻名？,filler,1,99,list4,波尔多 是 法国 西南部 重要的 都市 以 美食 闻名。,波尔多,是,法国,西南部,重要的,都市,以,美食,闻名。,,,,,,X-X-X 你 习惯 啄木鸟 碳酸钙 琢磨 呢 摧残 芭蕾。
fill_filler_110,fill,Filler,110,葡萄酒的出口量意大利是世界第一？,filler,1,99,list1,意大利 葡萄酒 的 产量 是 世界 第一 出口量 也是 世界 第一。,意大利,葡萄酒,的,产量,是,世界,第一,出口量,也是,世界,第一。,,,,X-X-X 忍不住 把 避免 你 思想 你们 静悄悄 思想 思想 你们。
fill_filler_110,fill,Filler,110,葡萄酒的出口量意大利是世界第一？,filler,1,99,list2,意大利 葡萄酒 的 产量 是 世界 第一 出口量 也是 世界 第一。,意大利,葡萄酒,的,产量,是,世界,第一,出口量,也是,世界,第一。,,,,X-X-X 忍不住 把 避免 你 思想 你们 静悄悄 思想 思想 你们。
fill_filler_110,fill,Filler,110,葡萄酒的出口量意大利是世界第一？,filler,1,99,list3,意大利 葡萄酒 的 产量 是 世界 第一 出口量 也是 世界 第一。,意大利,葡萄酒,的,产量,是,世界,第一,出口量,也是,世界,第一。,,,,X-X-X 忍不住 把 避免 你 思想 你们 静悄悄 思想 思想 你们。
fill_filler_110,fill,Filler,110,葡萄酒的出口量意大利是世界第一？,filler,1,99,list4,意大利 葡萄酒 的 产量 是 世界 第一 出口量 也是 世界 第一。,意大利,葡萄酒,的,产量,是,世界,第一,出口量,也是,世界,第一。,,,,X-X-X 忍不住 把 避免 你 思想 你们 静悄悄 思想 思想 你们。
fill_filler_111,fill,Filler,111,助手把文章意思口述给他听？,filler,1,99,list1,懂 外文 的 助手们 捧着 原文 把 文章 的 意思 口述 给他听,懂,外文,的,助手们,捧着,原文,把,文章,的,意思,口述,给他听,,,X-X-X 漩涡 上 碳酸钠 窟窿 躲到 两 队伍 种 她们 漩涡 氧化铜。
fill_filler_111,fill,Filler,111,助手把文章意思口述给他听？,filler,1,99,list2,懂 外文 的 助手们 捧着 原文 把 文章 的 意思 口述 给他听,懂,外文,的,助手们,捧着,原文,把,文章,的,意思,口述,给他听,,,X-X-X 漩涡 上 碳酸钠 窟窿 躲到 两 队伍 种 她们 漩涡 氧化铜。
fill_filler_111,fill,Filler,111,助手把文章意思口述给他听？,filler,1,99,list3,懂 外文 的 助手们 捧着 原文 把 文章 的 意思 口述 给他听,懂,外文,的,助手们,捧着,原文,把,文章,的,意思,口述,给他听,,,X-X-X 漩涡 上 碳酸钠 窟窿 躲到 两 队伍 种 她们 漩涡 氧化铜。
fill_filler_111,fill,Filler,111,助手把文章意思口述给他听？,filler,1,99,list4,懂 外文 的 助手们 捧着 原文 把 文章 的 意思 口述 给他听,懂,外文,的,助手们,捧着,原文,把,文章,的,意思,口述,给他听,,,X-X-X 漩涡 上 碳酸钠 窟窿 躲到 两 队伍 种 她们 漩涡 氧化铜。
fill_filler_112,fill,Filler,112,口味求新求变才能适应国内消费者的需求？,filler,1,99,list1,为了 适应 国内 消费者 的 需求 口味 势必 要 求新 求变。,为了,适应,国内,消费者,的,需求,口味,势必,要,求新,求变。,,,,X-X-X 农村 队伍 怎么办 我 轨道 害虫 埋怨 那 乙烯 痛哭。
fill_filler_112,fill,Filler,112,口味求新求变才能适应国内消费者的需求？,filler,1,99,list2,为了 适应 国内 消费者 的 需求 口味 势必 要 求新 求变。,为了,适应,国内,消费者,的,需求,口味,势必,要,求新,求变。,,,,X-X-X 农村 队伍 怎么办 我 轨道 害虫 埋怨 那 乙烯 痛哭。
fill_filler_112,fill,Filler,112,口味求新求变才能适应国内消费者的需求？,filler,1,99,list3,为了 适应 国内 消费者 的 需求 口味 势必 要 求新 求变。,为了,适应,国内,消费者,的,需求,口味,势必,要,求新,求变。,,,,X-X-X 农村 队伍 怎么办 我 轨道 害虫 埋怨 那 乙烯 痛哭。
fill_filler_112,fill,Filler,112,口味求新求变才能适应国内消费者的需求？,filler,1,99,list4,为了 适应 国内 消费者 的 需求 口味 势必 要 求新 求变。,为了,适应,国内,消费者,的,需求,口味,势必,要,求新,求变。,,,,X-X-X 农村 队伍 怎么办 我 轨道 害虫 埋怨 那 乙烯 痛哭。
fill_filler_113,fill,Filler,113,刚才找这几本文集找得心急火燎？,filler,1,99,list1,可惜 这几本 文集 不知 谁 借去了 刚才 还 找得 心急如焚。,可惜,这几本,文集,不知,谁,借去了,刚才,还,找得,心急如焚。,,,,,X-X-X 笑眯眯 嫉妒 态度 类 舞蹈家 溶液 与 石膏 技术装备。
fill_filler_113,fill,Filler,113,刚才找这几本文集找得心急火燎？,filler,1,99,list2,可惜 这几本 文集 不知 谁 借去了 刚才 还 找得 心急如焚。,可惜,这几本,文集,不知,谁,借去了,刚才,还,找得,心急如焚。,,,,,X-X-X 笑眯眯 嫉妒 态度 类 舞蹈家 溶液 与 石膏 技术装备。
fill_filler_113,fill,Filler,113,刚才找这几本文集找得心急火燎？,filler,1,99,list3,可惜 这几本 文集 不知 谁 借去了 刚才 还 找得 心急如焚。,可惜,这几本,文集,不知,谁,借去了,刚才,还,找得,心急如焚。,,,,,X-X-X 笑眯眯 嫉妒 态度 类 舞蹈家 溶液 与 石膏 技术装备。
fill_filler_113,fill,Filler,113,刚才找这几本文集找得心急火燎？,filler,1,99,list4,可惜 这几本 文集 不知 谁 借去了 刚才 还 找得 心急如焚。,可惜,这几本,文集,不知,谁,借去了,刚才,还,找得,心急如焚。,,,,,X-X-X 笑眯眯 嫉妒 态度 类 舞蹈家 溶液 与 石膏 技术装备。
fill_filler_114,fill,Filler,114,捧着洁凈的书自己的心情就变的舒服？,filler,1,99,list1,捧着 一本 干干凈凈 的 书 自己的 心情 也 立即 变得 舒服了。,捧着,一本,干干凈凈,的,书,自己的,心情,也,立即,变得,舒服了。,,,,X-X-X 决策 宇宙飞船 他 层 碳酸钠 差异 年 检查 冯俭 氯酸钾。
fill_filler_114,fill,Filler,114,捧着洁凈的书自己的心情就变的舒服？,filler,1,99,list2,捧着 一本 干干凈凈 的 书 自己的 心情 也 立即 变得 舒服了。,捧着,一本,干干凈凈,的,书,自己的,心情,也,立即,变得,舒服了。,,,,X-X-X 决策 宇宙飞船 他 层 碳酸钠 差异 年 检查 冯俭 氯酸钾。
fill_filler_114,fill,Filler,114,捧着洁凈的书自己的心情就变的舒服？,filler,1,99,list3,捧着 一本 干干凈凈 的 书 自己的 心情 也 立即 变得 舒服了。,捧着,一本,干干凈凈,的,书,自己的,心情,也,立即,变得,舒服了。,,,,X-X-X 决策 宇宙飞船 他 层 碳酸钠 差异 年 检查 冯俭 氯酸钾。
fill_filler_114,fill,Filler,114,捧着洁凈的书自己的心情就变的舒服？,filler,1,99,list4,捧着 一本 干干凈凈 的 书 自己的 心情 也 立即 变得 舒服了。,捧着,一本,干干凈凈,的,书,自己的,心情,也,立即,变得,舒服了。,,,,X-X-X 决策 宇宙飞船 他 层 碳酸钠 差异 年 检查 冯俭 氯酸钾。
fill_filler_115,fill,Filler,115,对一个旅行者来说住医院可能是心理反差最大的一件事？,filler,1,99,list1,住 医院 对 一个 旅行者 来说 可能 是 心理 反差 最大的 一件事。,住,医院,对,一个,旅行者,来说,可能,是,心理,反差,最大的,一件事。,,,X-X-X 逻辑 她 什么 氯酸钾 世纪 组织 我 矛盾 豌豆 袁世凯 梅兰芳。
fill_filler_115,fill,Filler,115,对一个旅行者来说住医院可能是心理反差最大的一件事？,filler,1,99,list2,住 医院 对 一个 旅行者 来说 可能 是 心理 反差 最大的 一件事。,住,医院,对,一个,旅行者,来说,可能,是,心理,反差,最大的,一件事。,,,X-X-X 逻辑 她 什么 氯酸钾 世纪 组织 我 矛盾 豌豆 袁世凯 梅兰芳。
fill_filler_115,fill,Filler,115,对一个旅行者来说住医院可能是心理反差最大的一件事？,filler,1,99,list3,住 医院 对 一个 旅行者 来说 可能 是 心理 反差 最大的 一件事。,住,医院,对,一个,旅行者,来说,可能,是,心理,反差,最大的,一件事。,,,X-X-X 逻辑 她 什么 氯酸钾 世纪 组织 我 矛盾 豌豆 袁世凯 梅兰芳。
fill_filler_115,fill,Filler,115,对一个旅行者来说住医院可能是心理反差最大的一件事？,filler,1,99,list4,住 医院 对 一个 旅行者 来说 可能 是 心理 反差 最大的 一件事。,住,医院,对,一个,旅行者,来说,可能,是,心理,反差,最大的,一件事。,,,X-X-X 逻辑 她 什么 氯酸钾 世纪 组织 我 矛盾 豌豆 袁世凯 梅兰芳。
fill_filler_116,fill,Filler,116,只需要两三分钟就能享用到微波菜肴？,filler,1,99,list1,只要 按 一个键 两三 分钟 之后 就能 享用 一道 美味 可口的 微波 菜肴。,只要,按,一个键,两三,分钟,之后,就能,享用,一道,美味,可口的,微波,菜肴。,,X-X-X 既 肖武斌 浑浊 政权 政府 橡胶 棉花 损害 蝌蚪 李嘉图 锣鼓 辜负。
fill_filler_116,fill,Filler,116,只需要两三分钟就能享用到微波菜肴？,filler,1,99,list2,只要 按 一个键 两三 分钟 之后 就能 享用 一道 美味 可口的 微波 菜肴。,只要,按,一个键,两三,分钟,之后,就能,享用,一道,美味,可口的,微波,菜肴。,,X-X-X 既 肖武斌 浑浊 政权 政府 橡胶 棉花 损害 蝌蚪 李嘉图 锣鼓 辜负。
fill_filler_116,fill,Filler,116,只需要两三分钟就能享用到微波菜肴？,filler,1,99,list3,只要 按 一个键 两三 分钟 之后 就能 享用 一道 美味 可口的 微波 菜肴。,只要,按,一个键,两三,分钟,之后,就能,享用,一道,美味,可口的,微波,菜肴。,,X-X-X 既 肖武斌 浑浊 政权 政府 橡胶 棉花 损害 蝌蚪 李嘉图 锣鼓 辜负。
fill_filler_116,fill,Filler,116,只需要两三分钟就能享用到微波菜肴？,filler,1,99,list4,只要 按 一个键 两三 分钟 之后 就能 享用 一道 美味 可口的 微波 菜肴。,只要,按,一个键,两三,分钟,之后,就能,享用,一道,美味,可口的,微波,菜肴。,,X-X-X 既 肖武斌 浑浊 政权 政府 橡胶 棉花 损害 蝌蚪 李嘉图 锣鼓 辜负。
fill_filler_117,fill,Filler,117,祗有饱经沧桑的老人能领悟真正的人生哲理？,filler,1,99,list1,只有 历经 沧桑 的 老人 才能 领悟 真正的 人生 哲理。,只有,历经,沧桑,的,老人,才能,领悟,真正的,人生,哲理。,,,,,X-X-X 哨兵 雄蕊 把 负责 联系 火灾 赤裸裸 玻璃 荔枝。
fill_filler_117,fill,Filler,117,祗有饱经沧桑的老人能领悟真正的人生哲理？,filler,1,99,list2,只有 历经 沧桑 的 老人 才能 领悟 真正的 人生 哲理。,只有,历经,沧桑,的,老人,才能,领悟,真正的,人生,哲理。,,,,,X-X-X 哨兵 雄蕊 把 负责 联系 火灾 赤裸裸 玻璃 荔枝。
fill_filler_117,fill,Filler,117,祗有饱经沧桑的老人能领悟真正的人生哲理？,filler,1,99,list3,只有 历经 沧桑 的 老人 才能 领悟 真正的 人生 哲理。,只有,历经,沧桑,的,老人,才能,领悟,真正的,人生,哲理。,,,,,X-X-X 哨兵 雄蕊 把 负责 联系 火灾 赤裸裸 玻璃 荔枝。
fill_filler_117,fill,Filler,117,祗有饱经沧桑的老人能领悟真正的人生哲理？,filler,1,99,list4,只有 历经 沧桑 的 老人 才能 领悟 真正的 人生 哲理。,只有,历经,沧桑,的,老人,才能,领悟,真正的,人生,哲理。,,,,,X-X-X 哨兵 雄蕊 把 负责 联系 火灾 赤裸裸 玻璃 荔枝。
fill_filler_118,fill,Filler,118,农地废耕农村破产是因为大量倾销便宜农产品？,filler,1,99,list1,大量 倾销 便宜 农产品 使得 农地 废耕 以及 农村 破产。,大量,倾销,便宜,农产品,使得,农地,废耕,以及,农村,破产。,,,,,X-X-X 屋顶 惊讶 怎么办 吃饭 吞噬 徐徐 怎么 北京 哎呀。
fill_filler_118,fill,Filler,118,农地废耕农村破产是因为大量倾销便宜农产品？,filler,1,99,list2,大量 倾销 便宜 农产品 使得 农地 废耕 以及 农村 破产。,大量,倾销,便宜,农产品,使得,农地,废耕,以及,农村,破产。,,,,,X-X-X 屋顶 惊讶 怎么办 吃饭 吞噬 徐徐 怎么 北京 哎呀。
fill_filler_118,fill,Filler,118,农地废耕农村破产是因为大量倾销便宜农产品？,filler,1,99,list3,大量 倾销 便宜 农产品 使得 农地 废耕 以及 农村 破产。,大量,倾销,便宜,农产品,使得,农地,废耕,以及,农村,破产。,,,,,X-X-X 屋顶 惊讶 怎么办 吃饭 吞噬 徐徐 怎么 北京 哎呀。
fill_filler_118,fill,Filler,118,农地废耕农村破产是因为大量倾销便宜农产品？,filler,1,99,list4,大量 倾销 便宜 农产品 使得 农地 废耕 以及 农村 破产。,大量,倾销,便宜,农产品,使得,农地,废耕,以及,农村,破产。,,,,,X-X-X 屋顶 惊讶 怎么办 吃饭 吞噬 徐徐 怎么 北京 哎呀。
fill_filler_119,fill,Filler,119,咖啡厅在巴黎和纽约有不同用处？,filler,1,99,list1,巴黎人 在 咖啡厅 聊天 纽约人 在 咖啡厅 用 手机。,巴黎人,在,咖啡厅,聊天,纽约人,在,咖啡厅,用,手机。,,,,,,X-X-X 我 徐悲鸿 邯郸 邓颖超 种 侵略军 呢 猖獗。
fill_filler_119,fill,Filler,119,咖啡厅在巴黎和纽约有不同用处？,filler,1,99,list2,巴黎人 在 咖啡厅 聊天 纽约人 在 咖啡厅 用 手机。,巴黎人,在,咖啡厅,聊天,纽约人,在,咖啡厅,用,手机。,,,,,,X-X-X 我 徐悲鸿 邯郸 邓颖超 种 侵略军 呢 猖獗。
fill_filler_119,fill,Filler,119,咖啡厅在巴黎和纽约有不同用处？,filler,1,99,list3,巴黎人 在 咖啡厅 聊天 纽约人 在 咖啡厅 用 手机。,巴黎人,在,咖啡厅,聊天,纽约人,在,咖啡厅,用,手机。,,,,,,X-X-X 我 徐悲鸿 邯郸 邓颖超 种 侵略军 呢 猖獗。
fill_filler_119,fill,Filler,119,咖啡厅在巴黎和纽约有不同用处？,filler,1,99,list4,巴黎人 在 咖啡厅 聊天 纽约人 在 咖啡厅 用 手机。,巴黎人,在,咖啡厅,聊天,纽约人,在,咖啡厅,用,手机。,,,,,,X-X-X 我 徐悲鸿 邯郸 邓颖超 种 侵略军 呢 猖獗。
fill_filler_120,fill,Filler,120,忙碌的现代人时常没有时间吃饭？,filler,1,99,list1,每天 都 分秒必争 的 现代人 有时 忙起来 连 吃饭 也 没 时间。,每天,都,分秒必争,的,现代人,有时,忙起来,连,吃饭,也,没,时间。,,,X-X-X 年 气喘吁吁 种 碳酸钠 掌握 邓颖超 声 包含 种 吗 世界。
fill_filler_120,fill,Filler,120,忙碌的现代人时常没有时间吃饭？,filler,1,99,list2,每天 都 分秒必争 的 现代人 有时 忙起来 连 吃饭 也 没 时间。,每天,都,分秒必争,的,现代人,有时,忙起来,连,吃饭,也,没,时间。,,,X-X-X 年 气喘吁吁 种 碳酸钠 掌握 邓颖超 声 包含 种 吗 世界。
fill_filler_120,fill,Filler,120,忙碌的现代人时常没有时间吃饭？,filler,1,99,list3,每天 都 分秒必争 的 现代人 有时 忙起来 连 吃饭 也 没 时间。,每天,都,分秒必争,的,现代人,有时,忙起来,连,吃饭,也,没,时间。,,,X-X-X 年 气喘吁吁 种 碳酸钠 掌握 邓颖超 声 包含 种 吗 世界。
fill_filler_120,fill,Filler,120,忙碌的现代人时常没有时间吃饭？,filler,1,99,list4,每天 都 分秒必争 的 现代人 有时 忙起来 连 吃饭 也 没 时间。,每天,都,分秒必争,的,现代人,有时,忙起来,连,吃饭,也,没,时间。,,,X-X-X 年 气喘吁吁 种 碳酸钠 掌握 邓颖超 声 包含 种 吗 世界。
fill_filler_121,fill,Filler,121,入冬后最强烈的大陆冷气团在元月五日袭来？,filler,1,99,list1,在 一月 五日 这天 一波 入冬后 最 强烈的 大陆 冷气团 果然 袭来。,在,一月,五日,这天,一波,入冬后,最,强烈的,大陆,冷气团,果然,袭来。,,,X-X-X 竭力 泛滥 纯粹 喇叭 售货员 吗 硝酸钾 销售 前不久 脑袋 邯郸。
fill_filler_121,fill,Filler,121,入冬后最强烈的大陆冷气团在元月五日袭来？,filler,1,99,list2,在 一月 五日 这天 一波 入冬后 最 强烈的 大陆 冷气团 果然 袭来。,在,一月,五日,这天,一波,入冬后,最,强烈的,大陆,冷气团,果然,袭来。,,,X-X-X 竭力 泛滥 纯粹 喇叭 售货员 吗 硝酸钾 销售 前不久 脑袋 邯郸。
fill_filler_121,fill,Filler,121,入冬后最强烈的大陆冷气团在元月五日袭来？,filler,1,99,list3,在 一月 五日 这天 一波 入冬后 最 强烈的 大陆 冷气团 果然 袭来。,在,一月,五日,这天,一波,入冬后,最,强烈的,大陆,冷气团,果然,袭来。,,,X-X-X 竭力 泛滥 纯粹 喇叭 售货员 吗 硝酸钾 销售 前不久 脑袋 邯郸。
fill_filler_121,fill,Filler,121,入冬后最强烈的大陆冷气团在元月五日袭来？,filler,1,99,list4,在 一月 五日 这天 一波 入冬后 最 强烈的 大陆 冷气团 果然 袭来。,在,一月,五日,这天,一波,入冬后,最,强烈的,大陆,冷气团,果然,袭来。,,,X-X-X 竭力 泛滥 纯粹 喇叭 售货员 吗 硝酸钾 销售 前不久 脑袋 邯郸。
fill_filler_122,fill,Filler,122,进口鹅卵石是因为台湾挑不到他们想要的石头？,filler,1,99,list1,由于在 中国 挑不到 他们 想要 的 石头 还 特别 进口 一万颗 鹅卵石。,由于在,中国,挑不到,他们,想要,的,石头,还,特别,进口,一万颗,鹅卵石。,,,X-X-X 研究 郭沫若 研究 瘫痪 我 秩序 看 艺术 症状 障碍物 呼吸道。
fill_filler_122,fill,Filler,122,进口鹅卵石是因为台湾挑不到他们想要的石头？,filler,1,99,list2,由于在 中国 挑不到 他们 想要 的 石头 还 特别 进口 一万颗 鹅卵石。,由于在,中国,挑不到,他们,想要,的,石头,还,特别,进口,一万颗,鹅卵石。,,,X-X-X 研究 郭沫若 研究 瘫痪 我 秩序 看 艺术 症状 障碍物 呼吸道。
fill_filler_122,fill,Filler,122,进口鹅卵石是因为台湾挑不到他们想要的石头？,filler,1,99,list3,由于在 中国 挑不到 他们 想要 的 石头 还 特别 进口 一万颗 鹅卵石。,由于在,中国,挑不到,他们,想要,的,石头,还,特别,进口,一万颗,鹅卵石。,,,X-X-X 研究 郭沫若 研究 瘫痪 我 秩序 看 艺术 症状 障碍物 呼吸道。
fill_filler_122,fill,Filler,122,进口鹅卵石是因为台湾挑不到他们想要的石头？,filler,1,99,list4,由于在 中国 挑不到 他们 想要 的 石头 还 特别 进口 一万颗 鹅卵石。,由于在,中国,挑不到,他们,想要,的,石头,还,特别,进口,一万颗,鹅卵石。,,,X-X-X 研究 郭沫若 研究 瘫痪 我 秩序 看 艺术 症状 障碍物 呼吸道。
fill_filler_123,fill,Filler,123,新一波全球化发生在世界各国？,filler,1,99,list1,中国 与 世界 各国 一样 都 面临 新一波 的 全球化。,中国,与,世界,各国,一样,都,面临,新一波,的,全球化。,,,,,X-X-X 种 条件 充满 教育 种 妹妹 杨虎城 他 硫酸铜。
fill_filler_123,fill,Filler,123,新一波全球化发生在世界各国？,filler,1,99,list2,中国 与 世界 各国 一样 都 面临 新一波 的 全球化。,中国,与,世界,各国,一样,都,面临,新一波,的,全球化。,,,,,X-X-X 种 条件 充满 教育 种 妹妹 杨虎城 他 硫酸铜。
fill_filler_123,fill,Filler,123,新一波全球化发生在世界各国？,filler,1,99,list3,中国 与 世界 各国 一样 都 面临 新一波 的 全球化。,中国,与,世界,各国,一样,都,面临,新一波,的,全球化。,,,,,X-X-X 种 条件 充满 教育 种 妹妹 杨虎城 他 硫酸铜。
fill_filler_123,fill,Filler,123,新一波全球化发生在世界各国？,filler,1,99,list4,中国 与 世界 各国 一样 都 面临 新一波 的 全球化。,中国,与,世界,各国,一样,都,面临,新一波,的,全球化。,,,,,X-X-X 种 条件 充满 教育 种 妹妹 杨虎城 他 硫酸铜。
fill_filler_124,fill,Filler,124,长达十小时的手术最后顺利结束？,filler,1,99,list1,长达 十小时 的 手术 终于 在 专家们 协力下 顺利 结束。,长达,十小时,的,手术,终于,在,专家们,协力下,顺利,结束。,,,,,X-X-X 售货员 我 蔬菜 苏联 你 硫酸铜 畜牧业 牺牲 队伍。
fill_filler_124,fill,Filler,124,长达十小时的手术最后顺利结束？,filler,1,99,list2,长达 十小时 的 手术 终于 在 专家们 协力下 顺利 结束。,长达,十小时,的,手术,终于,在,专家们,协力下,顺利,结束。,,,,,X-X-X 售货员 我 蔬菜 苏联 你 硫酸铜 畜牧业 牺牲 队伍。
fill_filler_124,fill,Filler,124,长达十小时的手术最后顺利结束？,filler,1,99,list3,长达 十小时 的 手术 终于 在 专家们 协力下 顺利 结束。,长达,十小时,的,手术,终于,在,专家们,协力下,顺利,结束。,,,,,X-X-X 售货员 我 蔬菜 苏联 你 硫酸铜 畜牧业 牺牲 队伍。
fill_filler_124,fill,Filler,124,长达十小时的手术最后顺利结束？,filler,1,99,list4,长达 十小时 的 手术 终于 在 专家们 协力下 顺利 结束。,长达,十小时,的,手术,终于,在,专家们,协力下,顺利,结束。,,,,,X-X-X 售货员 我 蔬菜 苏联 你 硫酸铜 畜牧业 牺牲 队伍。
fill_filler_125,fill,Filler,125,政府乐见生物产业欣欣向荣？,filler,1,99,list1,政府 乐意 见到 国内 的 生物产业 越来越 蓬勃。,政府,乐意,见到,国内,的,生物产业,越来越,蓬勃。,,,,,,,X-X-X 板凳 石油 责任 我 错综复杂 蒋介石 杏仙。
fill_filler_125,fill,Filler,125,政府乐见生物产业欣欣向荣？,filler,1,99,list2,政府 乐意 见到 国内 的 生物产业 越来越 蓬勃。,政府,乐意,见到,国内,的,生物产业,越来越,蓬勃。,,,,,,,X-X-X 板凳 石油 责任 我 错综复杂 蒋介石 杏仙。
fill_filler_125,fill,Filler,125,政府乐见生物产业欣欣向荣？,filler,1,99,list3,政府 乐意 见到 国内 的 生物产业 越来越 蓬勃。,政府,乐意,见到,国内,的,生物产业,越来越,蓬勃。,,,,,,,X-X-X 板凳 石油 责任 我 错综复杂 蒋介石 杏仙。
fill_filler_125,fill,Filler,125,政府乐见生物产业欣欣向荣？,filler,1,99,list4,政府 乐意 见到 国内 的 生物产业 越来越 蓬勃。,政府,乐意,见到,国内,的,生物产业,越来越,蓬勃。,,,,,,,X-X-X 板凳 石油 责任 我 错综复杂 蒋介石 杏仙。
fill_filler_126,fill,Filler,126,母国对越成功的跨国企业约束性越强？,filler,2,99,list1,当 跨国 企业 越成功 母国 对 其 约束 的 法律性 和 道德性 越弱。,当,跨国,企业,越成功,母国,对,其,约束,的,法律性,和,道德性,越弱。,,X-X-X 蔓延 提高 四十八 辣椒 你 几 蚂蚁 我 笑嘻嘻 你 李大钊 花瓣。
fill_filler_126,fill,Filler,126,母国对越成功的跨国企业约束性越强？,filler,2,99,list2,当 跨国 企业 越成功 母国 对 其 约束 的 法律性 和 道德性 越弱。,当,跨国,企业,越成功,母国,对,其,约束,的,法律性,和,道德性,越弱。,,X-X-X 蔓延 提高 四十八 辣椒 你 几 蚂蚁 我 笑嘻嘻 你 李大钊 花瓣。
fill_filler_126,fill,Filler,126,母国对越成功的跨国企业约束性越强？,filler,2,99,list3,当 跨国 企业 越成功 母国 对 其 约束 的 法律性 和 道德性 越弱。,当,跨国,企业,越成功,母国,对,其,约束,的,法律性,和,道德性,越弱。,,X-X-X 蔓延 提高 四十八 辣椒 你 几 蚂蚁 我 笑嘻嘻 你 李大钊 花瓣。
fill_filler_126,fill,Filler,126,母国对越成功的跨国企业约束性越强？,filler,2,99,list4,当 跨国 企业 越成功 母国 对 其 约束 的 法律性 和 道德性 越弱。,当,跨国,企业,越成功,母国,对,其,约束,的,法律性,和,道德性,越弱。,,X-X-X 蔓延 提高 四十八 辣椒 你 几 蚂蚁 我 笑嘻嘻 你 李大钊 花瓣。
fill_filler_127,fill,Filler,127,大家仍然追求长生不死？,filler,2,99,list1,时至 今日 拜 科学 进步 之赐 长生 不死 已经 不再 是 大家 追求的 目标。,时至,今日,拜,科学,进步,之赐,长生,不死,已经,不再,是,大家,追求的,目标。,X-X-X 厉害 唔 必须 介绍 喃喃 倾向 巡逻 影响 颜色 也 分析 吴佩孚 介绍。
fill_filler_127,fill,Filler,127,大家仍然追求长生不死？,filler,2,99,list2,时至 今日 拜 科学 进步 之赐 长生 不死 已经 不再 是 大家 追求的 目标。,时至,今日,拜,科学,进步,之赐,长生,不死,已经,不再,是,大家,追求的,目标。,X-X-X 厉害 唔 必须 介绍 喃喃 倾向 巡逻 影响 颜色 也 分析 吴佩孚 介绍。
fill_filler_127,fill,Filler,127,大家仍然追求长生不死？,filler,2,99,list3,时至 今日 拜 科学 进步 之赐 长生 不死 已经 不再 是 大家 追求的 目标。,时至,今日,拜,科学,进步,之赐,长生,不死,已经,不再,是,大家,追求的,目标。,X-X-X 厉害 唔 必须 介绍 喃喃 倾向 巡逻 影响 颜色 也 分析 吴佩孚 介绍。
fill_filler_127,fill,Filler,127,大家仍然追求长生不死？,filler,2,99,list4,时至 今日 拜 科学 进步 之赐 长生 不死 已经 不再 是 大家 追求的 目标。,时至,今日,拜,科学,进步,之赐,长生,不死,已经,不再,是,大家,追求的,目标。,X-X-X 厉害 唔 必须 介绍 喃喃 倾向 巡逻 影响 颜色 也 分析 吴佩孚 介绍。
fill_filler_128,fill,Filler,128,中国人使用胎盘的经验尚短？,filler,2,99,list1,中国人 使用 胎盘 的 历史 已有 千年 以上。,中国人,使用,胎盘,的,历史,已有,千年,以上。,,,,,,,X-X-X 基础 渺小 他 怎么 饭碗 缺乏 矛盾。
fill_filler_128,fill,Filler,128,中国人使用胎盘的经验尚短？,filler,2,99,list2,中国人 使用 胎盘 的 历史 已有 千年 以上。,中国人,使用,胎盘,的,历史,已有,千年,以上。,,,,,,,X-X-X 基础 渺小 他 怎么 饭碗 缺乏 矛盾。
fill_filler_128,fill,Filler,128,中国人使用胎盘的经验尚短？,filler,2,99,list3,中国人 使用 胎盘 的 历史 已有 千年 以上。,中国人,使用,胎盘,的,历史,已有,千年,以上。,,,,,,,X-X-X 基础 渺小 他 怎么 饭碗 缺乏 矛盾。
fill_filler_128,fill,Filler,128,中国人使用胎盘的经验尚短？,filler,2,99,list4,中国人 使用 胎盘 的 历史 已有 千年 以上。,中国人,使用,胎盘,的,历史,已有,千年,以上。,,,,,,,X-X-X 基础 渺小 他 怎么 饭碗 缺乏 矛盾。
fill_filler_129,fill,Filler,129,长期使用胎盘素不能够让女性肌肤美白？,filler,2,99,list1,研究 显示 长期 使用 胎盘素 确实 能够 让 女性 肌肤 美白。,研究,显示,长期,使用,胎盘素,确实,能够,让,女性,肌肤,美白。,,,,X-X-X 途径 思维 甚至 邀请赛 欢迎 群众 吧 饲料 夸奖 茅屋。
fill_filler_129,fill,Filler,129,长期使用胎盘素不能够让女性肌肤美白？,filler,2,99,list2,研究 显示 长期 使用 胎盘素 确实 能够 让 女性 肌肤 美白。,研究,显示,长期,使用,胎盘素,确实,能够,让,女性,肌肤,美白。,,,,X-X-X 途径 思维 甚至 邀请赛 欢迎 群众 吧 饲料 夸奖 茅屋。
fill_filler_129,fill,Filler,129,长期使用胎盘素不能够让女性肌肤美白？,filler,2,99,list3,研究 显示 长期 使用 胎盘素 确实 能够 让 女性 肌肤 美白。,研究,显示,长期,使用,胎盘素,确实,能够,让,女性,肌肤,美白。,,,,X-X-X 途径 思维 甚至 邀请赛 欢迎 群众 吧 饲料 夸奖 茅屋。
fill_filler_129,fill,Filler,129,长期使用胎盘素不能够让女性肌肤美白？,filler,2,99,list4,研究 显示 长期 使用 胎盘素 确实 能够 让 女性 肌肤 美白。,研究,显示,长期,使用,胎盘素,确实,能够,让,女性,肌肤,美白。,,,,X-X-X 途径 思维 甚至 邀请赛 欢迎 群众 吧 饲料 夸奖 茅屋。
fill_filler_130,fill,Filler,130,汤在世界各国的饮食历史不算重要？,filler,2,99,list1,若 细究 世界 各国的 饮食 历史 其实 不难 发现 汤的 重要性。,若,细究,世界,各国的,饮食,历史,其实,不难,发现,汤的,重要性。,,,,X-X-X 脖颈 条件 望远镜 亏损 怎么 找到 奔驰 艺术 聘请 奴隶主。
fill_filler_130,fill,Filler,130,汤在世界各国的饮食历史不算重要？,filler,2,99,list2,若 细究 世界 各国的 饮食 历史 其实 不难 发现 汤的 重要性。,若,细究,世界,各国的,饮食,历史,其实,不难,发现,汤的,重要性。,,,,X-X-X 脖颈 条件 望远镜 亏损 怎么 找到 奔驰 艺术 聘请 奴隶主。
fill_filler_130,fill,Filler,130,汤在世界各国的饮食历史不算重要？,filler,2,99,list3,若 细究 世界 各国的 饮食 历史 其实 不难 发现 汤的 重要性。,若,细究,世界,各国的,饮食,历史,其实,不难,发现,汤的,重要性。,,,,X-X-X 脖颈 条件 望远镜 亏损 怎么 找到 奔驰 艺术 聘请 奴隶主。
fill_filler_130,fill,Filler,130,汤在世界各国的饮食历史不算重要？,filler,2,99,list4,若 细究 世界 各国的 饮食 历史 其实 不难 发现 汤的 重要性。,若,细究,世界,各国的,饮食,历史,其实,不难,发现,汤的,重要性。,,,,X-X-X 脖颈 条件 望远镜 亏损 怎么 找到 奔驰 艺术 聘请 奴隶主。
fill_filler_131,fill,Filler,131,要做好一碗味美汤鲜高汤并不重要？,filler,2,99,list1,想 做好 一碗 味美 汤鲜 的 汤品 高汤 绝对 是 关键 因素。,想,做好,一碗,味美,汤鲜,的,汤品,高汤,绝对,是,关键,因素。,,,X-X-X 各项 柑桔 巡捕 辗转 我 嚷嚷 侮辱 负责 我 渐渐 矛盾。
fill_filler_131,fill,Filler,131,要做好一碗味美汤鲜高汤并不重要？,filler,2,99,list2,想 做好 一碗 味美 汤鲜 的 汤品 高汤 绝对 是 关键 因素。,想,做好,一碗,味美,汤鲜,的,汤品,高汤,绝对,是,关键,因素。,,,X-X-X 各项 柑桔 巡捕 辗转 我 嚷嚷 侮辱 负责 我 渐渐 矛盾。
fill_filler_131,fill,Filler,131,要做好一碗味美汤鲜高汤并不重要？,filler,2,99,list3,想 做好 一碗 味美 汤鲜 的 汤品 高汤 绝对 是 关键 因素。,想,做好,一碗,味美,汤鲜,的,汤品,高汤,绝对,是,关键,因素。,,,X-X-X 各项 柑桔 巡捕 辗转 我 嚷嚷 侮辱 负责 我 渐渐 矛盾。
fill_filler_131,fill,Filler,131,要做好一碗味美汤鲜高汤并不重要？,filler,2,99,list4,想 做好 一碗 味美 汤鲜 的 汤品 高汤 绝对 是 关键 因素。,想,做好,一碗,味美,汤鲜,的,汤品,高汤,绝对,是,关键,因素。,,,X-X-X 各项 柑桔 巡捕 辗转 我 嚷嚷 侮辱 负责 我 渐渐 矛盾。
fill_filler_132,fill,Filler,132,同锅滚水烫煮所有的食材并非烹煮高汤的要诀？,filler,2,99,list1,烹煮 高汤 的 要诀 在于 要以 同锅 滚水 烫煮 所有的 食材。,烹煮,高汤,的,要诀,在于,要以,同锅,滚水,烫煮,所有的,食材。,,,,X-X-X 侵略 我 暴露 状况 匆匆 庆祝 逝世 丛林 省政府 疲倦。
fill_filler_132,fill,Filler,132,同锅滚水烫煮所有的食材并非烹煮高汤的要诀？,filler,2,99,list2,烹煮 高汤 的 要诀 在于 要以 同锅 滚水 烫煮 所有的 食材。,烹煮,高汤,的,要诀,在于,要以,同锅,滚水,烫煮,所有的,食材。,,,,X-X-X 侵略 我 暴露 状况 匆匆 庆祝 逝世 丛林 省政府 疲倦。
fill_filler_132,fill,Filler,132,同锅滚水烫煮所有的食材并非烹煮高汤的要诀？,filler,2,99,list3,烹煮 高汤 的 要诀 在于 要以 同锅 滚水 烫煮 所有的 食材。,烹煮,高汤,的,要诀,在于,要以,同锅,滚水,烫煮,所有的,食材。,,,,X-X-X 侵略 我 暴露 状况 匆匆 庆祝 逝世 丛林 省政府 疲倦。
fill_filler_132,fill,Filler,132,同锅滚水烫煮所有的食材并非烹煮高汤的要诀？,filler,2,99,list4,烹煮 高汤 的 要诀 在于 要以 同锅 滚水 烫煮 所有的 食材。,烹煮,高汤,的,要诀,在于,要以,同锅,滚水,烫煮,所有的,食材。,,,,X-X-X 侵略 我 暴露 状况 匆匆 庆祝 逝世 丛林 省政府 疲倦。
fill_filler_133,fill,Filler,133,店内十分豪华的摆设是以木质桌椅地板为主？,filler,2,99,list1,店内 以 木质 桌椅 地板 为主 摆设 十分 简洁 纯朴。,店内,以,木质,桌椅,地板,为主,摆设,十分,简洁,纯朴。,,,,,X-X-X 呢 咱俩 悔恨 俘虏 痛苦 埋怨 解决 罪恶 溃疡。
fill_filler_133,fill,Filler,133,店内十分豪华的摆设是以木质桌椅地板为主？,filler,2,99,list2,店内 以 木质 桌椅 地板 为主 摆设 十分 简洁 纯朴。,店内,以,木质,桌椅,地板,为主,摆设,十分,简洁,纯朴。,,,,,X-X-X 呢 咱俩 悔恨 俘虏 痛苦 埋怨 解决 罪恶 溃疡。
fill_filler_133,fill,Filler,133,店内十分豪华的摆设是以木质桌椅地板为主？,filler,2,99,list3,店内 以 木质 桌椅 地板 为主 摆设 十分 简洁 纯朴。,店内,以,木质,桌椅,地板,为主,摆设,十分,简洁,纯朴。,,,,,X-X-X 呢 咱俩 悔恨 俘虏 痛苦 埋怨 解决 罪恶 溃疡。
fill_filler_133,fill,Filler,133,店内十分豪华的摆设是以木质桌椅地板为主？,filler,2,99,list4,店内 以 木质 桌椅 地板 为主 摆设 十分 简洁 纯朴。,店内,以,木质,桌椅,地板,为主,摆设,十分,简洁,纯朴。,,,,,X-X-X 呢 咱俩 悔恨 俘虏 痛苦 埋怨 解决 罪恶 溃疡。
fill_filler_134,fill,Filler,134,面包外皮焦脆是自然形成的？,filler,2,99,list1,这种 特殊 压烤 的 制作 方式 使 面包 外皮 焦脆 飘香。,这种,特殊,压烤,的,制作,方式,使,面包,外皮,焦脆,飘香。,,,,X-X-X 咱们 岸边 说 罢了 告诉 呢 驾驶 呻吟 媳妇 报仇。
fill_filler_134,fill,Filler,134,面包外皮焦脆是自然形成的？,filler,2,99,list2,这种 特殊 压烤 的 制作 方式 使 面包 外皮 焦脆 飘香。,这种,特殊,压烤,的,制作,方式,使,面包,外皮,焦脆,飘香。,,,,X-X-X 咱们 岸边 说 罢了 告诉 呢 驾驶 呻吟 媳妇 报仇。
fill_filler_134,fill,Filler,134,面包外皮焦脆是自然形成的？,filler,2,99,list3,这种 特殊 压烤 的 制作 方式 使 面包 外皮 焦脆 飘香。,这种,特殊,压烤,的,制作,方式,使,面包,外皮,焦脆,飘香。,,,,X-X-X 咱们 岸边 说 罢了 告诉 呢 驾驶 呻吟 媳妇 报仇。
fill_filler_134,fill,Filler,134,面包外皮焦脆是自然形成的？,filler,2,99,list4,这种 特殊 压烤 的 制作 方式 使 面包 外皮 焦脆 飘香。,这种,特殊,压烤,的,制作,方式,使,面包,外皮,焦脆,飘香。,,,,X-X-X 咱们 岸边 说 罢了 告诉 呢 驾驶 呻吟 媳妇 报仇。
fill_filler_135,fill,Filler,135,全球经济重建及财富重分配和二次世界大战无关？,filler,2,99,list1,二次 世界 大战 后 全球 经济 重建 财富 也 重新 分配。,二次,世界,大战,后,全球,经济,重建,财富,也,重新,分配。,,,,X-X-X 要求 葫芦 呢 朦胧 什么 针灸 拒绝 你 文艺 爸爸。
fill_filler_135,fill,Filler,135,全球经济重建及财富重分配和二次世界大战无关？,filler,2,99,list2,二次 世界 大战 后 全球 经济 重建 财富 也 重新 分配。,二次,世界,大战,后,全球,经济,重建,财富,也,重新,分配。,,,,X-X-X 要求 葫芦 呢 朦胧 什么 针灸 拒绝 你 文艺 爸爸。
fill_filler_135,fill,Filler,135,全球经济重建及财富重分配和二次世界大战无关？,filler,2,99,list3,二次 世界 大战 后 全球 经济 重建 财富 也 重新 分配。,二次,世界,大战,后,全球,经济,重建,财富,也,重新,分配。,,,,X-X-X 要求 葫芦 呢 朦胧 什么 针灸 拒绝 你 文艺 爸爸。
fill_filler_135,fill,Filler,135,全球经济重建及财富重分配和二次世界大战无关？,filler,2,99,list4,二次 世界 大战 后 全球 经济 重建 财富 也 重新 分配。,二次,世界,大战,后,全球,经济,重建,财富,也,重新,分配。,,,,X-X-X 要求 葫芦 呢 朦胧 什么 针灸 拒绝 你 文艺 爸爸。
fill_filler_136,fill,Filler,136,十年前国内出现过三十个电影城？,filler,2,99,list1,十年前 国内 出现过 数十个 电影城 从 台北 台中 到 台南 高雄。,十年前,国内,出现过,数十个,电影城,从,台北,台中,到,台南,高雄。,,,,X-X-X 刺激 硝酸钾 静悄悄 静悄悄 她 唾液 忘掉 种 疲乏 妄想。
fill_filler_136,fill,Filler,136,十年前国内出现过三十个电影城？,filler,2,99,list2,十年前 国内 出现过 数十个 电影城 从 台北 台中 到 台南 高雄。,十年前,国内,出现过,数十个,电影城,从,台北,台中,到,台南,高雄。,,,,X-X-X 刺激 硝酸钾 静悄悄 静悄悄 她 唾液 忘掉 种 疲乏 妄想。
fill_filler_136,fill,Filler,136,十年前国内出现过三十个电影城？,filler,2,99,list3,十年前 国内 出现过 数十个 电影城 从 台北 台中 到 台南 高雄。,十年前,国内,出现过,数十个,电影城,从,台北,台中,到,台南,高雄。,,,,X-X-X 刺激 硝酸钾 静悄悄 静悄悄 她 唾液 忘掉 种 疲乏 妄想。
fill_filler_136,fill,Filler,136,十年前国内出现过三十个电影城？,filler,2,99,list4,十年前 国内 出现过 数十个 电影城 从 台北 台中 到 台南 高雄。,十年前,国内,出现过,数十个,电影城,从,台北,台中,到,台南,高雄。,,,,X-X-X 刺激 硝酸钾 静悄悄 静悄悄 她 唾液 忘掉 种 疲乏 妄想。
fill_filler_137,fill,Filler,137,这两个城市并没有过去沿海城市开发的影子？,filler,2,99,list1,这两个 城市 全部 都有 过去 沿海 城市 开发的 影子。,这两个,城市,全部,都有,过去,沿海,城市,开发的,影子。,,,,,,X-X-X 掌握 困难 唾液 怎么 损害 掌握 黑猩猩 推翻。
fill_filler_137,fill,Filler,137,这两个城市并没有过去沿海城市开发的影子？,filler,2,99,list2,这两个 城市 全部 都有 过去 沿海 城市 开发的 影子。,这两个,城市,全部,都有,过去,沿海,城市,开发的,影子。,,,,,,X-X-X 掌握 困难 唾液 怎么 损害 掌握 黑猩猩 推翻。
fill_filler_137,fill,Filler,137,这两个城市并没有过去沿海城市开发的影子？,filler,2,99,list3,这两个 城市 全部 都有 过去 沿海 城市 开发的 影子。,这两个,城市,全部,都有,过去,沿海,城市,开发的,影子。,,,,,,X-X-X 掌握 困难 唾液 怎么 损害 掌握 黑猩猩 推翻。
fill_filler_137,fill,Filler,137,这两个城市并没有过去沿海城市开发的影子？,filler,2,99,list4,这两个 城市 全部 都有 过去 沿海 城市 开发的 影子。,这两个,城市,全部,都有,过去,沿海,城市,开发的,影子。,,,,,,X-X-X 掌握 困难 唾液 怎么 损害 掌握 黑猩猩 推翻。
fill_filler_138,fill,Filler,138,生产效率和回报并非大家关心的问题？,filler,2,99,list1,这么多的 投资 终究 要 面临 生产 效率 和 回报 的 问题。,这么多的,投资,终究,要,面临,生产,效率,和,回报,的,问题。,,,,X-X-X 爸爸 摹仿 那 四川 情况 佛教 个 蜻蜓 我 什么。
fill_filler_138,fill,Filler,138,生产效率和回报并非大家关心的问题？,filler,2,99,list2,这么多的 投资 终究 要 面临 生产 效率 和 回报 的 问题。,这么多的,投资,终究,要,面临,生产,效率,和,回报,的,问题。,,,,X-X-X 爸爸 摹仿 那 四川 情况 佛教 个 蜻蜓 我 什么。
fill_filler_138,fill,Filler,138,生产效率和回报并非大家关心的问题？,filler,2,99,list3,这么多的 投资 终究 要 面临 生产 效率 和 回报 的 问题。,这么多的,投资,终究,要,面临,生产,效率,和,回报,的,问题。,,,,X-X-X 爸爸 摹仿 那 四川 情况 佛教 个 蜻蜓 我 什么。
fill_filler_138,fill,Filler,138,生产效率和回报并非大家关心的问题？,filler,2,99,list4,这么多的 投资 终究 要 面临 生产 效率 和 回报 的 问题。,这么多的,投资,终究,要,面临,生产,效率,和,回报,的,问题。,,,,X-X-X 爸爸 摹仿 那 四川 情况 佛教 个 蜻蜓 我 什么。
fill_filler_139,fill,Filler,139,只有科技产业需要灌注活力和配套措施？,filler,2,99,list1,从 科技 产业 到 传统 产业 全部 都 需要 投入 活力 和 配套 措施。,从,科技,产业,到,传统,产业,全部,都,需要,投入,活力,和,配套,措施。,X-X-X 贯彻 耳朵 她 似乎 恐怕 告诉 两 问题 纷纷 束缚 我 蜜蜂 舞蹈。
fill_filler_139,fill,Filler,139,只有科技产业需要灌注活力和配套措施？,filler,2,99,list2,从 科技 产业 到 传统 产业 全部 都 需要 投入 活力 和 配套 措施。,从,科技,产业,到,传统,产业,全部,都,需要,投入,活力,和,配套,措施。,X-X-X 贯彻 耳朵 她 似乎 恐怕 告诉 两 问题 纷纷 束缚 我 蜜蜂 舞蹈。
fill_filler_139,fill,Filler,139,只有科技产业需要灌注活力和配套措施？,filler,2,99,list3,从 科技 产业 到 传统 产业 全部 都 需要 投入 活力 和 配套 措施。,从,科技,产业,到,传统,产业,全部,都,需要,投入,活力,和,配套,措施。,X-X-X 贯彻 耳朵 她 似乎 恐怕 告诉 两 问题 纷纷 束缚 我 蜜蜂 舞蹈。
fill_filler_139,fill,Filler,139,只有科技产业需要灌注活力和配套措施？,filler,2,99,list4,从 科技 产业 到 传统 产业 全部 都 需要 投入 活力 和 配套 措施。,从,科技,产业,到,传统,产业,全部,都,需要,投入,活力,和,配套,措施。,X-X-X 贯彻 耳朵 她 似乎 恐怕 告诉 两 问题 纷纷 束缚 我 蜜蜂 舞蹈。
fill_filler_140,fill,Filler,140,使用同一品牌整套的美白保养品最好？,filler,2,99,list1,美白 保养品 不一定 是 同一 品牌 整套 使用 效果 最好。,美白,保养品,不一定,是,同一,品牌,整套,使用,效果,最好。,,,,,X-X-X 旧社会 党中央 了 贡献 弯腰 悲哀 意义 姑娘 避免。
fill_filler_140,fill,Filler,140,使用同一品牌整套的美白保养品最好？,filler,2,99,list2,美白 保养品 不一定 是 同一 品牌 整套 使用 效果 最好。,美白,保养品,不一定,是,同一,品牌,整套,使用,效果,最好。,,,,,X-X-X 旧社会 党中央 了 贡献 弯腰 悲哀 意义 姑娘 避免。
fill_filler_140,fill,Filler,140,使用同一品牌整套的美白保养品最好？,filler,2,99,list3,美白 保养品 不一定 是 同一 品牌 整套 使用 效果 最好。,美白,保养品,不一定,是,同一,品牌,整套,使用,效果,最好。,,,,,X-X-X 旧社会 党中央 了 贡献 弯腰 悲哀 意义 姑娘 避免。
fill_filler_140,fill,Filler,140,使用同一品牌整套的美白保养品最好？,filler,2,99,list4,美白 保养品 不一定 是 同一 品牌 整套 使用 效果 最好。,美白,保养品,不一定,是,同一,品牌,整套,使用,效果,最好。,,,,,X-X-X 旧社会 党中央 了 贡献 弯腰 悲哀 意义 姑娘 避免。
fill_RCfiller_201,fill,Filler_GibsonWu,201,驴子踢了农夫想卖的马吗？,RCfiller,1,99,list1,昨天 被 驴子 踢 的 那匹 马 是 农夫 要卖掉 的。,昨天,被,驴子,踢,的,那匹,马,是,农夫,要卖掉,的。,,,,X-X-X 并 凝结 幢 种 掩盖 入 种 灌溉 乒乓球 种。
fill_RCfiller_201,fill,Filler_GibsonWu,201,驴子踢了农夫想卖的马吗？,RCfiller,1,99,list2,昨天 被 驴子 踢 的 那匹 马 是 农夫 要卖掉 的。,昨天,被,驴子,踢,的,那匹,马,是,农夫,要卖掉,的。,,,,X-X-X 并 凝结 幢 种 掩盖 入 种 灌溉 乒乓球 种。
fill_RCfiller_201,fill,Filler_GibsonWu,201,驴子踢了农夫想卖的马吗？,RCfiller,1,99,list3,昨天 被 驴子 踢 的 那匹 马 是 农夫 要卖掉 的。,昨天,被,驴子,踢,的,那匹,马,是,农夫,要卖掉,的。,,,,X-X-X 并 凝结 幢 种 掩盖 入 种 灌溉 乒乓球 种。
fill_RCfiller_201,fill,Filler_GibsonWu,201,驴子踢了农夫想卖的马吗？,RCfiller,1,99,list4,昨天 被 驴子 踢 的 那匹 马 是 农夫 要卖掉 的。,昨天,被,驴子,踢,的,那匹,马,是,农夫,要卖掉,的。,,,,X-X-X 并 凝结 幢 种 掩盖 入 种 灌溉 乒乓球 种。
fill_RCfiller_202,fill,Filler_GibsonWu,202,制作人批评了和唱片公司签约的音乐家吗？,RCfiller,2,99,list1,唱片公司 今天 拒绝 和 批评 制作人 的 那位 音乐家 签约。,唱片公司,今天,拒绝,和,批评,制作人,的,那位,音乐家,签约。,,,,,X-X-X 环境 肌肉 种 颜色 静悄悄 种 纷纷 荧光屏 雄壮。
fill_RCfiller_202,fill,Filler_GibsonWu,202,制作人批评了和唱片公司签约的音乐家吗？,RCfiller,2,99,list2,唱片公司 今天 拒绝 和 批评 制作人 的 那位 音乐家 签约。,唱片公司,今天,拒绝,和,批评,制作人,的,那位,音乐家,签约。,,,,,X-X-X 环境 肌肉 种 颜色 静悄悄 种 纷纷 荧光屏 雄壮。
fill_RCfiller_202,fill,Filler_GibsonWu,202,制作人批评了和唱片公司签约的音乐家吗？,RCfiller,2,99,list3,唱片公司 今天 拒绝 和 批评 制作人 的 那位 音乐家 签约。,唱片公司,今天,拒绝,和,批评,制作人,的,那位,音乐家,签约。,,,,,X-X-X 环境 肌肉 种 颜色 静悄悄 种 纷纷 荧光屏 雄壮。
fill_RCfiller_202,fill,Filler_GibsonWu,202,制作人批评了和唱片公司签约的音乐家吗？,RCfiller,2,99,list4,唱片公司 今天 拒绝 和 批评 制作人 的 那位 音乐家 签约。,唱片公司,今天,拒绝,和,批评,制作人,的,那位,音乐家,签约。,,,,,X-X-X 环境 肌肉 种 颜色 静悄悄 种 纷纷 荧光屏 雄壮。
fill_RCfiller_203,fill,Filler_GibsonWu,203,狗刚才追了邻居养的猫吗？,RCfiller,1,99,list1,刚才 被 狗 追 的 那只 猫 是 邻居 养 的。,刚才,被,狗,追,的,那只,猫,是,邻居,养,的。,,,,X-X-X 并 吨 芽 种 富饶 移 种 奠定 吨 为。
fill_RCfiller_203,fill,Filler_GibsonWu,203,狗刚才追了邻居养的猫吗？,RCfiller,1,99,list2,刚才 被 狗 追 的 那只 猫 是 邻居 养 的。,刚才,被,狗,追,的,那只,猫,是,邻居,养,的。,,,,X-X-X 并 吨 芽 种 富饶 移 种 奠定 吨 为。
fill_RCfiller_203,fill,Filler_GibsonWu,203,狗刚才追了邻居养的猫吗？,RCfiller,1,99,list3,刚才 被 狗 追 的 那只 猫 是 邻居 养 的。,刚才,被,狗,追,的,那只,猫,是,邻居,养,的。,,,,X-X-X 并 吨 芽 种 富饶 移 种 奠定 吨 为。
fill_RCfiller_203,fill,Filler_GibsonWu,203,狗刚才追了邻居养的猫吗？,RCfiller,1,99,list4,刚才 被 狗 追 的 那只 猫 是 邻居 养 的。,刚才,被,狗,追,的,那只,猫,是,邻居,养,的。,,,,X-X-X 并 吨 芽 种 富饶 移 种 奠定 吨 为。
fill_RCfiller_204,fill,Filler_GibsonWu,204,哈佛大学聘用了一个生物学副教授吗？,RCfiller,2,99,list1,哈佛大学 上个月 聘用了 获得 诺贝尔奖 的 那个 生物学家 为 正教授。,哈佛大学,上个月,聘用了,获得,诺贝尔奖,的,那个,生物学家,为,正教授。,,,,,X-X-X 拿破仑 硝酸钾 阶段 气喘吁吁 种 矛盾 一九八０ 它 怎么样。
fill_RCfiller_204,fill,Filler_GibsonWu,204,哈佛大学聘用了一个生物学副教授吗？,RCfiller,2,99,list2,哈佛大学 上个月 聘用了 获得 诺贝尔奖 的 那个 生物学家 为 正教授。,哈佛大学,上个月,聘用了,获得,诺贝尔奖,的,那个,生物学家,为,正教授。,,,,,X-X-X 拿破仑 硝酸钾 阶段 气喘吁吁 种 矛盾 一九八０ 它 怎么样。
fill_RCfiller_204,fill,Filler_GibsonWu,204,哈佛大学聘用了一个生物学副教授吗？,RCfiller,2,99,list3,哈佛大学 上个月 聘用了 获得 诺贝尔奖 的 那个 生物学家 为 正教授。,哈佛大学,上个月,聘用了,获得,诺贝尔奖,的,那个,生物学家,为,正教授。,,,,,X-X-X 拿破仑 硝酸钾 阶段 气喘吁吁 种 矛盾 一九八０ 它 怎么样。
fill_RCfiller_204,fill,Filler_GibsonWu,204,哈佛大学聘用了一个生物学副教授吗？,RCfiller,2,99,list4,哈佛大学 上个月 聘用了 获得 诺贝尔奖 的 那个 生物学家 为 正教授。,哈佛大学,上个月,聘用了,获得,诺贝尔奖,的,那个,生物学家,为,正教授。,,,,,X-X-X 拿破仑 硝酸钾 阶段 气喘吁吁 种 矛盾 一九八０ 它 怎么样。
fill_RCfiller_205,fill,Filler_GibsonWu,205,卡车撞了一个的非法入境的农夫吗？,RCfiller,1,99,list1,上次 被 卡车 撞了 的 那个 农夫 是 一个 在逃 的 非法移民。,上次,被,卡车,撞了,的,那个,农夫,是,一个,在逃,的,非法移民。,,,X-X-X 呢 觉醒 咳嗽 种 矛盾 狠狠 种 研究 嘴唇 把 错综复杂。
fill_RCfiller_205,fill,Filler_GibsonWu,205,卡车撞了一个的非法入境的农夫吗？,RCfiller,1,99,list2,上次 被 卡车 撞了 的 那个 农夫 是 一个 在逃 的 非法移民。,上次,被,卡车,撞了,的,那个,农夫,是,一个,在逃,的,非法移民。,,,X-X-X 呢 觉醒 咳嗽 种 矛盾 狠狠 种 研究 嘴唇 把 错综复杂。
fill_RCfiller_205,fill,Filler_GibsonWu,205,卡车撞了一个的非法入境的农夫吗？,RCfiller,1,99,list3,上次 被 卡车 撞了 的 那个 农夫 是 一个 在逃 的 非法移民。,上次,被,卡车,撞了,的,那个,农夫,是,一个,在逃,的,非法移民。,,,X-X-X 呢 觉醒 咳嗽 种 矛盾 狠狠 种 研究 嘴唇 把 错综复杂。
fill_RCfiller_205,fill,Filler_GibsonWu,205,卡车撞了一个的非法入境的农夫吗？,RCfiller,1,99,list4,上次 被 卡车 撞了 的 那个 农夫 是 一个 在逃 的 非法移民。,上次,被,卡车,撞了,的,那个,农夫,是,一个,在逃,的,非法移民。,,,X-X-X 呢 觉醒 咳嗽 种 矛盾 狠狠 种 研究 嘴唇 把 错综复杂。
fill_RCfiller_206,fill,Filler_GibsonWu,206,触怒了美甲师的发型师被有名的演员拒绝了吗？,RCfiller,2,99,list1,早上 触怒了 美甲师 的 那位 发型师 在 和 有名的 演员 交往。,早上,触怒了,美甲师,的,那位,发型师,在,和,有名的,演员,交往。,,,,X-X-X 乒乓球 黑猩猩 种 纷纷 白崇禧 种 种 白崇禧 粮食 阻碍。
fill_RCfiller_206,fill,Filler_GibsonWu,206,触怒了美甲师的发型师被有名的演员拒绝了吗？,RCfiller,2,99,list2,早上 触怒了 美甲师 的 那位 发型师 在 和 有名的 演员 交往。,早上,触怒了,美甲师,的,那位,发型师,在,和,有名的,演员,交往。,,,,X-X-X 乒乓球 黑猩猩 种 纷纷 白崇禧 种 种 白崇禧 粮食 阻碍。
fill_RCfiller_206,fill,Filler_GibsonWu,206,触怒了美甲师的发型师被有名的演员拒绝了吗？,RCfiller,2,99,list3,早上 触怒了 美甲师 的 那位 发型师 在 和 有名的 演员 交往。,早上,触怒了,美甲师,的,那位,发型师,在,和,有名的,演员,交往。,,,,X-X-X 乒乓球 黑猩猩 种 纷纷 白崇禧 种 种 白崇禧 粮食 阻碍。
fill_RCfiller_206,fill,Filler_GibsonWu,206,触怒了美甲师的发型师被有名的演员拒绝了吗？,RCfiller,2,99,list4,早上 触怒了 美甲师 的 那位 发型师 在 和 有名的 演员 交往。,早上,触怒了,美甲师,的,那位,发型师,在,和,有名的,演员,交往。,,,,X-X-X 乒乓球 黑猩猩 种 纷纷 白崇禧 种 种 白崇禧 粮食 阻碍。
fill_RCfiller_207,fill,Filler_GibsonWu,207,被工会奖励的木匠赞美了水电工吗？,RCfiller,2,99,list1,工会 奖励了 今天 被 水电工 赞美 的 那个 木匠。,工会,奖励了,今天,被,水电工,赞美,的,那个,木匠。,,,,,,X-X-X 碳酸钙 环境 呢 岂不是 词典 种 矛盾 辗转。
fill_RCfiller_207,fill,Filler_GibsonWu,207,被工会奖励的木匠赞美了水电工吗？,RCfiller,2,99,list2,工会 奖励了 今天 被 水电工 赞美 的 那个 木匠。,工会,奖励了,今天,被,水电工,赞美,的,那个,木匠。,,,,,,X-X-X 碳酸钙 环境 呢 岂不是 词典 种 矛盾 辗转。
fill_RCfiller_207,fill,Filler_GibsonWu,207,被工会奖励的木匠赞美了水电工吗？,RCfiller,2,99,list3,工会 奖励了 今天 被 水电工 赞美 的 那个 木匠。,工会,奖励了,今天,被,水电工,赞美,的,那个,木匠。,,,,,,X-X-X 碳酸钙 环境 呢 岂不是 词典 种 矛盾 辗转。
fill_RCfiller_207,fill,Filler_GibsonWu,207,被工会奖励的木匠赞美了水电工吗？,RCfiller,2,99,list4,工会 奖励了 今天 被 水电工 赞美 的 那个 木匠。,工会,奖励了,今天,被,水电工,赞美,的,那个,木匠。,,,,,,X-X-X 碳酸钙 环境 呢 岂不是 词典 种 矛盾 辗转。
fill_RCfiller_208,fill,Filler_GibsonWu,208,那位会计师向律师打了招呼吗？,RCfiller,1,99,list1,被 美国银行 上周 雇用 的 那位 会计师 向 律师 打招呼。,被,美国银行,上周,雇用,的,那位,会计师,向,律师,打招呼。,,,,,X-X-X 血液循环 摧毁 蔗糖 种 纷纷 硝酸钾 呢 隐蔽 叶倩倩。
fill_RCfiller_208,fill,Filler_GibsonWu,208,那位会计师向律师打了招呼吗？,RCfiller,1,99,list2,被 美国银行 上周 雇用 的 那位 会计师 向 律师 打招呼。,被,美国银行,上周,雇用,的,那位,会计师,向,律师,打招呼。,,,,,X-X-X 血液循环 摧毁 蔗糖 种 纷纷 硝酸钾 呢 隐蔽 叶倩倩。
fill_RCfiller_208,fill,Filler_GibsonWu,208,那位会计师向律师打了招呼吗？,RCfiller,1,99,list3,被 美国银行 上周 雇用 的 那位 会计师 向 律师 打招呼。,被,美国银行,上周,雇用,的,那位,会计师,向,律师,打招呼。,,,,,X-X-X 血液循环 摧毁 蔗糖 种 纷纷 硝酸钾 呢 隐蔽 叶倩倩。
fill_RCfiller_208,fill,Filler_GibsonWu,208,那位会计师向律师打了招呼吗？,RCfiller,1,99,list4,被 美国银行 上周 雇用 的 那位 会计师 向 律师 打招呼。,被,美国银行,上周,雇用,的,那位,会计师,向,律师,打招呼。,,,,,X-X-X 血液循环 摧毁 蔗糖 种 纷纷 硝酸钾 呢 隐蔽 叶倩倩。
fill_j_301,fill,Adverb_position,301,小孩发誓猫咪抓到了小鸟吗?,j,1,5,list1,小孩 解释说 上午 猫咪 抓到了 一只 稀有的 小鸟 所以 很难过。,小孩,解释说,上午,猫咪,抓到了,一只,稀有的,小鸟,所以,很难过。,,,,,X-X-X 氯化钠 锻炼 侮辱 梅兰芳 慷慨 婚姻法 尴尬 研究 邓颖超。
fill_j_301,fill,Adverb_position,301,小孩发誓猫咪抓到了小鸟吗?,j,1,5,list3,小孩 解释说 上午 猫咪 抓到了 一只 稀有的 小鸟 所以 很难过。,小孩,解释说,上午,猫咪,抓到了,一只,稀有的,小鸟,所以,很难过。,,,,,X-X-X 氯化钠 锻炼 侮辱 梅兰芳 慷慨 婚姻法 尴尬 研究 邓颖超。
fill_k_301,fill,Adverb_position,301,小孩发誓猫咪抓到了小鸟吗?,k,1,5,list2,小孩 解释说 猫咪 上午 抓到了 一只 稀有的 小鸟 所以 很难过。,小孩,解释说,猫咪,上午,抓到了,一只,稀有的,小鸟,所以,很难过。,,,,,X-X-X 剥削者 妥善 锻炼 局限性 扫描 氯酸钾 尴尬 研究 伽利略。
fill_k_301,fill,Adverb_position,301,小孩发誓猫咪抓到了小鸟吗?,k,1,5,list4,小孩 解释说 猫咪 上午 抓到了 一只 稀有的 小鸟 所以 很难过。,小孩,解释说,猫咪,上午,抓到了,一只,稀有的,小鸟,所以,很难过。,,,,,X-X-X 剥削者 妥善 锻炼 局限性 扫描 氯酸钾 尴尬 研究 伽利略。
fill_j_302,fill,Adverb_position,302,女孩表示男友购买了戒指吗?,j,1,5,list2,女孩 表示 今早 男友 购买了 一只 昂贵的 戒指 所以 非常惊讶。,女孩,表示,今早,男友,购买了,一只,昂贵的,戒指,所以,非常惊讶。,,,,,X-X-X 政府 崎岖 枯竭 气呼呼 吩咐 打招呼 疑虑 研究 农民战争。
fill_j_302,fill,Adverb_position,302,女孩表示男友购买了戒指吗?,j,1,5,list4,女孩 表示 今早 男友 购买了 一只 昂贵的 戒指 所以 非常惊讶。,女孩,表示,今早,男友,购买了,一只,昂贵的,戒指,所以,非常惊讶。,,,,,X-X-X 政府 崎岖 枯竭 气呼呼 吩咐 打招呼 疑虑 研究 农民战争。
fill_k_302,fill,Adverb_position,302,女孩表示男友购买了戒指吗?,k,1,5,list1,女孩 表示 男友 今早 购买了 一只 昂贵的 戒指 所以 非常惊讶。,女孩,表示,男友,今早,购买了,一只,昂贵的,戒指,所以,非常惊讶。,,,,,X-X-X 政府 薄膜 颌骨 碳酸钠 迁徙 碳酸钙 疑虑 研究 氢氧化钠。
fill_k_302,fill,Adverb_position,302,女孩表示男友购买了戒指吗?,k,1,5,list3,女孩 表示 男友 今早 购买了 一只 昂贵的 戒指 所以 非常惊讶。,女孩,表示,男友,今早,购买了,一只,昂贵的,戒指,所以,非常惊讶。,,,,,X-X-X 政府 薄膜 颌骨 碳酸钠 迁徙 碳酸钙 疑虑 研究 氢氧化钠。
fill_j_303,fill,Adverb_position,303,男孩耳闻邻居八卦了轿车吗?,j,1,5,list1,男孩 耳闻 刚刚 邻居 八卦了 那辆 偷来的 轿车 所以 很好奇。,男孩,耳闻,刚刚,邻居,八卦了,那辆,偷来的,轿车,所以,很好奇。,,,,,X-X-X 裂缝 逻辑 脂肪 笑眯眯 糟粕 叶倩倩 栖息 研究 碳酸钠。
fill_j_303,fill,Adverb_position,303,男孩耳闻邻居八卦了轿车吗?,j,1,5,list3,男孩 耳闻 刚刚 邻居 八卦了 那辆 偷来的 轿车 所以 很好奇。,男孩,耳闻,刚刚,邻居,八卦了,那辆,偷来的,轿车,所以,很好奇。,,,,,X-X-X 裂缝 逻辑 脂肪 笑眯眯 糟粕 叶倩倩 栖息 研究 碳酸钠。
fill_k_303,fill,Adverb_position,303,男孩耳闻邻居八卦了轿车吗?,k,1,5,list2,男孩 耳闻 邻居 刚刚 八卦了 那辆 偷来的 轿车 所以 很好奇。,男孩,耳闻,邻居,刚刚,八卦了,那辆,偷来的,轿车,所以,很好奇。,,,,,X-X-X 脉搏 脂肪 趋势 乒乓球 繁殖 病原体 严谨 必须 葡萄糖。
fill_k_303,fill,Adverb_position,303,男孩耳闻邻居八卦了轿车吗?,k,1,5,list4,男孩 耳闻 邻居 刚刚 八卦了 那辆 偷来的 轿车 所以 很好奇。,男孩,耳闻,邻居,刚刚,八卦了,那辆,偷来的,轿车,所以,很好奇。,,,,,X-X-X 脉搏 脂肪 趋势 乒乓球 繁殖 病原体 严谨 必须 葡萄糖。
fill_j_304,fill,Adverb_position,304,娃娃希望妈妈买来了蛋糕吗?,j,1,5,list2,娃娃 知道 今天 妈妈 买来了 一个 好吃的 蛋糕 所以 很兴奋。,娃娃,知道,今天,妈妈,买来了,一个,好吃的,蛋糕,所以,很兴奋。,,,,,X-X-X 条件 斗争 迅速 柬埔寨 研究 笑嘻嘻 倾斜 研究 世纪末。
fill_j_304,fill,Adverb_position,304,娃娃希望妈妈买来了蛋糕吗?,j,1,5,list4,娃娃 知道 今天 妈妈 买来了 一个 好吃的 蛋糕 所以 很兴奋。,娃娃,知道,今天,妈妈,买来了,一个,好吃的,蛋糕,所以,很兴奋。,,,,,X-X-X 条件 斗争 迅速 柬埔寨 研究 笑嘻嘻 倾斜 研究 世纪末。
fill_k_304,fill,Adverb_position,304,娃娃希望妈妈买来了蛋糕吗?,k,1,5,list1,娃娃 知道 妈妈 今天 买来了 一个 好吃的 蛋糕 所以 很兴奋。,娃娃,知道,妈妈,今天,买来了,一个,好吃的,蛋糕,所以,很兴奋。,,,,,X-X-X 条件 逐渐 环境 苏维埃 研究 奴隶主 借贷 研究 肖武斌。
fill_k_304,fill,Adverb_position,304,娃娃希望妈妈买来了蛋糕吗?,k,1,5,list3,娃娃 知道 妈妈 今天 买来了 一个 好吃的 蛋糕 所以 很兴奋。,娃娃,知道,妈妈,今天,买来了,一个,好吃的,蛋糕,所以,很兴奋。,,,,,X-X-X 条件 逐渐 环境 苏维埃 研究 奴隶主 借贷 研究 肖武斌。
fill_j_305,fill,Adverb_position,305,家人以为祖父发生了车祸吗?,j,1,5,list1,家人 以为 下午 祖父 发生了 一场 严重的 车祸 所以 很着急。,家人,以为,下午,祖父,发生了,一场,严重的,车祸,所以,很着急。,,,,,X-X-X 措施 色彩 振奋 氨基酸 眺望 吴佩孚 朦胧 科学 史岱年。
fill_j_305,fill,Adverb_position,305,家人以为祖父发生了车祸吗?,j,1,5,list3,家人 以为 下午 祖父 发生了 一场 严重的 车祸 所以 很着急。,家人,以为,下午,祖父,发生了,一场,严重的,车祸,所以,很着急。,,,,,X-X-X 措施 色彩 振奋 氨基酸 眺望 吴佩孚 朦胧 科学 史岱年。
fill_k_305,fill,Adverb_position,305,家人以为祖父发生了车祸吗?,k,1,5,list2,家人 以为 祖父 下午 发生了 一场 严重的 车祸 所以 很着急。,家人,以为,祖父,下午,发生了,一场,严重的,车祸,所以,很着急。,,,,,X-X-X 措施 鼻孔 色彩 芭蕾舞 眺望 说清楚 驳斥 科学 金丝猴。
fill_k_305,fill,Adverb_position,305,家人以为祖父发生了车祸吗?,k,1,5,list4,家人 以为 祖父 下午 发生了 一场 严重的 车祸 所以 很着急。,家人,以为,祖父,下午,发生了,一场,严重的,车祸,所以,很着急。,,,,,X-X-X 措施 鼻孔 色彩 芭蕾舞 眺望 说清楚 驳斥 科学 金丝猴。
fill_j_306,fill,Adverb_position,306,妻子认为丈夫陪伴了情妇吗?,j,1,5,list2,妻子 认为 昨晚 丈夫 陪伴了 一位 年轻的 情妇 所以 提出诉讼。,妻子,认为,昨晚,丈夫,陪伴了,一位,年轻的,情妇,所以,提出诉讼。,,,,,X-X-X 技术 干吗 巩固 蒸馏水 酸碱 氧化剂 招收 研究 北洋军阀。
fill_j_306,fill,Adverb_position,306,妻子认为丈夫陪伴了情妇吗?,j,1,5,list4,妻子 认为 昨晚 丈夫 陪伴了 一位 年轻的 情妇 所以 提出诉讼。,妻子,认为,昨晚,丈夫,陪伴了,一位,年轻的,情妇,所以,提出诉讼。,,,,,X-X-X 技术 干吗 巩固 蒸馏水 酸碱 氧化剂 招收 研究 北洋军阀。
fill_k_306,fill,Adverb_position,306,妻子认为丈夫陪伴了情妇吗?,k,1,5,list1,妻子 认为 丈夫 昨晚 陪伴了 一位 年轻的 情妇 所以 提出诉讼。,妻子,认为,丈夫,昨晚,陪伴了,一位,年轻的,情妇,所以,提出诉讼。,,,,,X-X-X 技术 贯彻 干吗 黑猩猩 脂肪 水溶液 牡蛎 研究 农村经济。
fill_k_306,fill,Adverb_position,306,妻子认为丈夫陪伴了情妇吗?,k,1,5,list3,妻子 认为 丈夫 昨晚 陪伴了 一位 年轻的 情妇 所以 提出诉讼。,妻子,认为,丈夫,昨晚,陪伴了,一位,年轻的,情妇,所以,提出诉讼。,,,,,X-X-X 技术 贯彻 干吗 黑猩猩 脂肪 水溶液 牡蛎 研究 农村经济。
fill_j_307,fill,Adverb_position,307,政府预料吸烟危害了人口吗?,j,1,5,list1,政府 预料 每年 吸烟 危害了 众多 健康的 人口 并且 提出警讯。,政府,预料,每年,吸烟,危害了,众多,健康的,人口,并且,提出警讯。,,,,,X-X-X 寂静 贡献 庸俗 椭圆形 蔬菜 陈炯明 清楚 矛盾 基本矛盾。
fill_j_307,fill,Adverb_position,307,政府预料吸烟危害了人口吗?,j,1,5,list3,政府 预料 每年 吸烟 危害了 众多 健康的 人口 并且 提出警讯。,政府,预料,每年,吸烟,危害了,众多,健康的,人口,并且,提出警讯。,,,,,X-X-X 寂静 贡献 庸俗 椭圆形 蔬菜 陈炯明 清楚 矛盾 基本矛盾。
fill_k_307,fill,Adverb_position,307,政府预料吸烟危害了人口吗?,k,1,5,list2,政府 预料 吸烟 每年 危害了 众多 健康的 人口 并且 提出警讯。,政府,预料,吸烟,每年,危害了,众多,健康的,人口,并且,提出警讯。,,,,,X-X-X 稻谷 庸俗 贡献 黎小玲 蔬菜 玻璃窗 介绍 看见 艰苦奋斗。
fill_k_307,fill,Adverb_position,307,政府预料吸烟危害了人口吗?,k,1,5,list4,政府 预料 吸烟 每年 危害了 众多 健康的 人口 并且 提出警讯。,政府,预料,吸烟,每年,危害了,众多,健康的,人口,并且,提出警讯。,,,,,X-X-X 稻谷 庸俗 贡献 黎小玲 蔬菜 玻璃窗 介绍 看见 艰苦奋斗。
fill_j_308,fill,Adverb_position,308,警察暗示嫌犯闯入了赌场吗?,j,1,5,list2,警察 暗示 昨天 嫌犯 闯入了 几座 豪华的 赌场 并且 拍了照。,警察,暗示,昨天,嫌犯,闯入了,几座,豪华的,赌场,并且,拍了照。,,,,,X-X-X 腐朽 逻辑 枯燥 氢原子 养蚕 芭蕾舞 雌蕊 矛盾 葡萄糖。
fill_j_308,fill,Adverb_position,308,警察暗示嫌犯闯入了赌场吗?,j,1,5,list4,警察 暗示 昨天 嫌犯 闯入了 几座 豪华的 赌场 并且 拍了照。,警察,暗示,昨天,嫌犯,闯入了,几座,豪华的,赌场,并且,拍了照。,,,,,X-X-X 腐朽 逻辑 枯燥 氢原子 养蚕 芭蕾舞 雌蕊 矛盾 葡萄糖。
fill_k_308,fill,Adverb_position,308,警察暗示嫌犯闯入了赌场吗?,k,1,5,list1,警察 暗示 嫌犯 昨天 闯入了 几座 豪华的 赌场 并且 拍了照。,警察,暗示,嫌犯,昨天,闯入了,几座,豪华的,赌场,并且,拍了照。,,,,,X-X-X 腐朽 飘荡 消耗 卵细胞 萎缩 啄木鸟 苍蝇 矛盾 硝酸钾。
fill_k_308,fill,Adverb_position,308,警察暗示嫌犯闯入了赌场吗?,k,1,5,list3,警察 暗示 嫌犯 昨天 闯入了 几座 豪华的 赌场 并且 拍了照。,警察,暗示,嫌犯,昨天,闯入了,几座,豪华的,赌场,并且,拍了照。,,,,,X-X-X 腐朽 飘荡 消耗 卵细胞 萎缩 啄木鸟 苍蝇 矛盾 硝酸钾。
fill_j_309,fill,Adverb_position,309,校长获得了奖项吗?,j,2,5,list1,校长 喜闻 去年 学生 获得了 几项 国际的 奖项 所以 颁发了 奖学金。,校长,喜闻,去年,学生,获得了,几项,国际的,奖项,所以,颁发了,奖学金。,,,,X-X-X 腐烂 习惯 怎么 顽固派 女婿 病虫害 冻疮 思想 硝酸钾 刹那间。
fill_j_309,fill,Adverb_position,309,校长获得了奖项吗?,j,2,5,list3,校长 喜闻 去年 学生 获得了 几项 国际的 奖项 所以 颁发了 奖学金。,校长,喜闻,去年,学生,获得了,几项,国际的,奖项,所以,颁发了,奖学金。,,,,X-X-X 腐烂 习惯 怎么 顽固派 女婿 病虫害 冻疮 思想 硝酸钾 刹那间。
fill_k_309,fill,Adverb_position,309,校长获得了奖项吗?,k,2,5,list2,校长 喜闻 学生 去年 获得了 几项 国际的 奖项 所以 颁发了 奖学金。,校长,喜闻,学生,去年,获得了,几项,国际的,奖项,所以,颁发了,奖学金。,,,,X-X-X 农奴 怎么 习惯 乳白色 贪婪 笑眯眯 冰雹 思想 石灰岩 吸引力。
fill_k_309,fill,Adverb_position,309,校长获得了奖项吗?,k,2,5,list4,校长 喜闻 学生 去年 获得了 几项 国际的 奖项 所以 颁发了 奖学金。,校长,喜闻,学生,去年,获得了,几项,国际的,奖项,所以,颁发了,奖学金。,,,,X-X-X 农奴 怎么 习惯 乳白色 贪婪 笑眯眯 冰雹 思想 石灰岩 吸引力。
fill_j_310,fill,Adverb_position,310,海关携带了手表吗?,j,2,5,list2,海关 判断 傍晚 游客 携带了 一支 仿冒 的手表 所以 决定押收。,海关,判断,傍晚,游客,携带了,一支,仿冒,的手表,所以,决定押收。,,,,,X-X-X 色彩 屁股 痉挛 硝酸钾 奋战 蔬菜 半封建 科学 义务教育。
fill_j_310,fill,Adverb_position,310,海关携带了手表吗?,j,2,5,list4,海关 判断 傍晚 游客 携带了 一支 仿冒 的手表 所以 决定押收。,海关,判断,傍晚,游客,携带了,一支,仿冒,的手表,所以,决定押收。,,,,,X-X-X 色彩 屁股 痉挛 硝酸钾 奋战 蔬菜 半封建 科学 义务教育。
fill_k_310,fill,Adverb_position,310,海关携带了手表吗?,k,2,5,list1,海关 判断 游客 傍晚 携带了 一支 仿冒的 手表 所以 决定押收。,海关,判断,游客,傍晚,携带了,一支,仿冒的,手表,所以,决定押收。,,,,,X-X-X 色彩 痉挛 讨厌 细胞核 凄惨 梁启超 厌恶 科学 风俗习惯。
fill_k_310,fill,Adverb_position,310,海关携带了手表吗?,k,2,5,list3,海关 判断 游客 傍晚 携带了 一支 仿冒的 手表 所以 决定押收。,海关,判断,游客,傍晚,携带了,一支,仿冒的,手表,所以,决定押收。,,,,,X-X-X 色彩 痉挛 讨厌 细胞核 凄惨 梁启超 厌恶 科学 风俗习惯。
fill_j_311,fill,Adverb_position,311,民众接受了豪宅吗?,j,2,5,list1,民众 爆料 上周 官员 接受了 一座 国外的 豪宅 并且 投诉为 贿赂。,民众,爆料,上周,官员,接受了,一座,国外的,豪宅,并且,投诉为,贿赂。,,,,X-X-X 浸泡 脂肪 肩膀 顽固派 灯泡 细胞膜 耷拉 矛盾 电话铃 迈进。
fill_j_311,fill,Adverb_position,311,民众接受了豪宅吗?,j,2,5,list3,民众 爆料 上周 官员 接受了 一座 国外的 豪宅 并且 投诉为 贿赂。,民众,爆料,上周,官员,接受了,一座,国外的,豪宅,并且,投诉为,贿赂。,,,,X-X-X 浸泡 脂肪 肩膀 顽固派 灯泡 细胞膜 耷拉 矛盾 电话铃 迈进。
fill_k_311,fill,Adverb_position,311,民众接受了豪宅吗?,k,2,5,list2,民众 爆料 官员 上周 接受了 一座 国外的 豪宅 并且 投诉为 贿赂。,民众,爆料,官员,上周,接受了,一座,国外的,豪宅,并且,投诉为,贿赂。,,,,X-X-X 咀嚼 肩膀 硝酸 脂肪酸 书桌 俗话说 爹妈 矛盾 叶倩倩 镰刀。
fill_k_311,fill,Adverb_position,311,民众接受了豪宅吗?,k,2,5,list4,民众 爆料 官员 上周 接受了 一座 国外的 豪宅 并且 投诉为 贿赂。,民众,爆料,官员,上周,接受了,一座,国外的,豪宅,并且,投诉为,贿赂。,,,,X-X-X 咀嚼 肩膀 硝酸 脂肪酸 书桌 俗话说 爹妈 矛盾 叶倩倩 镰刀。
fill_j_312,fill,Adverb_position,312,公司挪用了款项吗?,j,2,5,list2,公司 质疑 中午 员工 挪用了 一笔 巨大的 款项 所以 做了确认。,公司,质疑,中午,员工,挪用了,一笔,巨大的,款项,所以,做了确认。,,,,,X-X-X 姿势 友谊 腊梅 鄂伦春 咽喉 笑嘻嘻 乙炔 思想 风俗习惯。
fill_j_312,fill,Adverb_position,312,公司挪用了款项吗?,j,2,5,list4,公司 质疑 中午 员工 挪用了 一笔 巨大的 款项 所以 做了确认。,公司,质疑,中午,员工,挪用了,一笔,巨大的,款项,所以,做了确认。,,,,,X-X-X 姿势 友谊 腊梅 鄂伦春 咽喉 笑嘻嘻 乙炔 思想 风俗习惯。
fill_k_312,fill,Adverb_position,312,公司挪用了款项吗?,k,2,5,list1,公司 质疑 员工 中午 挪用了 一笔 巨大的 款项 所以 做了确认。,公司,质疑,员工,中午,挪用了,一笔,巨大的,款项,所以,做了确认。,,,,,X-X-X 荡漾 叮嘱 膨胀 摩尔根 咕咕 笑眯眯 呜呜 思想 乌鲁木齐。
fill_k_312,fill,Adverb_position,312,公司挪用了款项吗?,k,2,5,list3,公司 质疑 员工 中午 挪用了 一笔 巨大的 款项 所以 做了确认。,公司,质疑,员工,中午,挪用了,一笔,巨大的,款项,所以,做了确认。,,,,,X-X-X 荡漾 叮嘱 膨胀 摩尔根 咕咕 笑眯眯 呜呜 思想 乌鲁木齐。
fill_j_313,fill,Adverb_position,313,家长欺负了同学吗?,j,2,5,list1,家长 承认 稍早 孩子 欺负了 一位 瘦小的 同学 并且 道了歉。,家长,承认,稍早,孩子,欺负了,一位,瘦小的,同学,并且,道了歉。,,,,,X-X-X 机械 碉堡 艺术 李鸿章 蘑菇 碳酸钙 宣传 矛盾 氯酸钾。
fill_j_313,fill,Adverb_position,313,家长欺负了同学吗?,j,2,5,list3,家长 承认 稍早 孩子 欺负了 一位 瘦小的 同学 并且 道了歉。,家长,承认,稍早,孩子,欺负了,一位,瘦小的,同学,并且,道了歉。,,,,,X-X-X 机械 碉堡 艺术 李鸿章 蘑菇 碳酸钙 宣传 矛盾 氯酸钾。
fill_k_313,fill,Adverb_position,313,家长欺负了同学吗?,k,2,5,list2,家长 承认 孩子 稍早 欺负了 一位 瘦小的 同学 并且 道了歉。,家长,承认,孩子,稍早,欺负了,一位,瘦小的,同学,并且,道了歉。,,,,,X-X-X 粮食 建设 僮族 郭沫若 贬值 碳酸钠 深入 矛盾 氧化铜。
fill_k_313,fill,Adverb_position,313,家长欺负了同学吗?,k,2,5,list4,家长 承认 孩子 稍早 欺负了 一位 瘦小的 同学 并且 道了歉。,家长,承认,孩子,稍早,欺负了,一位,瘦小的,同学,并且,道了歉。,,,,,X-X-X 粮食 建设 僮族 郭沫若 贬值 碳酸钠 深入 矛盾 氧化铜。
fill_j_314,fill,Adverb_position,314,劳工决定了条例吗?,j,2,5,list2,劳工 怀疑 早上 工会 通过 那项 不公的 条例 并且 决定罢工。,劳工,怀疑,早上,工会,通过,那项,不公的,条例,并且,决定罢工。,,,,,X-X-X 婚姻 胳膊 脂肪 技术 蚕丝 诸葛亮 蔬菜 矛盾 宇宙飞船。
fill_j_314,fill,Adverb_position,314,劳工决定了条例吗?,j,2,5,list4,劳工 怀疑 早上 工会 通过 那项 不公的 条例 并且 决定罢工。,劳工,怀疑,早上,工会,通过,那项,不公的,条例,并且,决定罢工。,,,,,X-X-X 婚姻 胳膊 脂肪 技术 蚕丝 诸葛亮 蔬菜 矛盾 宇宙飞船。
fill_k_314,fill,Adverb_position,314,劳工决定了条例吗?,k,2,5,list1,劳工 怀疑 工会 早上 通过 那项 不公的 条例 并且 决定罢工。,劳工,怀疑,工会,早上,通过,那项,不公的,条例,并且,决定罢工。,,,,,X-X-X 婚姻 脂肪 胳膊 技术 歼灭 啄木鸟 蔬菜 矛盾 一九八０。
fill_k_314,fill,Adverb_position,314,劳工决定了条例吗?,k,2,5,list3,劳工 怀疑 工会 早上 通过 那项 不公的 条例 并且 决定罢工。,劳工,怀疑,工会,早上,通过,那项,不公的,条例,并且,决定罢工。,,,,,X-X-X 婚姻 脂肪 胳膊 技术 歼灭 啄木鸟 蔬菜 矛盾 一九八０。
fill_j_315,fill,Adverb_position,315,导演完成了小说吗?,j,2,5,list1,导演 期待 今年 作家 完成 一本 科幻的 小说 并且 拍成电影。,导演,期待,今年,作家,完成,一本,科幻的,小说,并且,拍成电影。,,,,,X-X-X 嘿嘿 措施 衣服 矛盾 咽喉 气呼呼 爷爷 所谓 氢氧化钠。
fill_j_315,fill,Adverb_position,315,导演完成了小说吗?,j,2,5,list3,导演 期待 今年 作家 完成 一本 科幻的 小说 并且 拍成电影。,导演,期待,今年,作家,完成,一本,科幻的,小说,并且,拍成电影。,,,,,X-X-X 嘿嘿 措施 衣服 矛盾 咽喉 气呼呼 爷爷 所谓 氢氧化钠。
fill_k_315,fill,Adverb_position,315,导演完成了小说吗?,k,2,5,list2,导演 期待 作家 今年 完成 一本 科幻的 小说 并且 拍成电影。,导演,期待,作家,今年,完成,一本,科幻的,小说,并且,拍成电影。,,,,,X-X-X 嘿嘿 恢复 措施 矛盾 竹竿 刹那间 爷爷 所谓 千千万万。
fill_k_315,fill,Adverb_position,315,导演完成了小说吗?,k,2,5,list4,导演 期待 作家 今年 完成 一本 科幻的 小说 并且 拍成电影。,导演,期待,作家,今年,完成,一本,科幻的,小说,并且,拍成电影。,,,,,X-X-X 嘿嘿 恢复 措施 矛盾 竹竿 刹那间 爷爷 所谓 千千万万。
fill_j_316,fill,Adverb_position,316,路人撞到了卡车吗?,j,2,5,list2,路人 目击 清晨 保时捷 撞到了 一辆 轻型的 卡车 所以 做了证。,路人,目击,清晨,保时捷,撞到了,一辆,轻型的,卡车,所以,做了证。,,,,,X-X-X 烙印 祭祀 卵细胞 金丝猴 忧愁 谭嗣同 潇洒 研究 徐悲鸿。
fill_j_316,fill,Adverb_position,316,路人撞到了卡车吗?,j,2,5,list4,路人 目击 清晨 保时捷 撞到了 一辆 轻型的 卡车 所以 做了证。,路人,目击,清晨,保时捷,撞到了,一辆,轻型的,卡车,所以,做了证。,,,,,X-X-X 烙印 祭祀 卵细胞 金丝猴 忧愁 谭嗣同 潇洒 研究 徐悲鸿。
fill_k_316,fill,Adverb_position,316,路人撞到了卡车吗?,k,2,5,list1,路人 目击 保时捷 清晨 撞到了 一辆 轻型的 卡车 所以 做了证。,路人,目击,保时捷,清晨,撞到了,一辆,轻型的,卡车,所以,做了证。,,,,,X-X-X 炼钢 卵细胞 祭祀 奴隶主 爹妈 脂肪酸 潇洒 研究 葡萄糖。
fill_k_316,fill,Adverb_position,316,路人撞到了卡车吗?,k,2,5,list3,路人 目击 保时捷 清晨 撞到了 一辆 轻型的 卡车 所以 做了证。,路人,目击,保时捷,清晨,撞到了,一辆,轻型的,卡车,所以,做了证。,,,,,X-X-X 炼钢 卵细胞 祭祀 奴隶主 爹妈 脂肪酸 潇洒 研究 葡萄糖。